Price,Close,High,Low,Open,Volume
Ticker,^CNXAUTO,^CNXAUTO,^CNXAUTO,^CNXAUTO,^CNXAUTO
Date,,,,,
2021-06-24,10618.4501953125,10638.25,10550.849609375,10604.5498046875,471600
2021-06-25,10706.7998046875,10754.900390625,10643.900390625,10644.650390625,1413200
2021-06-28,10709.900390625,10746.099609375,10676.900390625,10746.099609375,515100
2021-06-29,10612.25,10754.9501953125,10588.25,10712.150390625,770400
2021-06-30,10600.349609375,10699.5,10583.0,10637.75,518900
2021-07-01,10687.7001953125,10744.099609375,10619.5498046875,10620.150390625,738600
2021-07-02,10685.5,10743.7998046875,10646.2001953125,10741.4501953125,450100
2021-07-06,10559.7001953125,10816.849609375,10527.5,10755.150390625,2086000
2021-07-07,10552.5,10598.0,10493.650390625,10565.2998046875,1445100
2021-07-08,10456.0,10558.25,10425.9501953125,10510.349609375,1261700
2021-07-09,10420.2998046875,10456.0498046875,10386.0498046875,10444.0,894300
2021-07-12,10438.2001953125,10523.0,10422.75,10496.5,574600
2021-07-13,10497.7998046875,10531.25,10463.599609375,10505.7001953125,557200
2021-07-14,10467.900390625,10510.650390625,10455.75,10503.75,519519000
2021-07-15,10426.0,10488.25,10404.25,10480.9501953125,485000
2021-07-16,10428.4501953125,10459.599609375,10400.349609375,10458.9501953125,427900
2021-07-19,10310.900390625,10379.7001953125,10268.400390625,10372.2998046875,466400
2021-07-20,10222.2001953125,10341.2998046875,10175.599609375,10318.400390625,531400
2021-07-22,10235.7998046875,10303.25,10189.150390625,10296.400390625,461600
2021-07-23,10201.349609375,10297.599609375,10190.7998046875,10249.2998046875,564100
2021-07-26,10137.9501953125,10212.650390625,10127.150390625,10204.650390625,482800
2021-07-27,10094.349609375,10217.099609375,10047.650390625,10153.150390625,814900
2021-07-28,10000.400390625,10122.5498046875,9947.9501953125,10119.099609375,594000
2021-07-29,9956.650390625,10027.9501953125,9945.7998046875,10021.0,908100
2021-07-30,10048.5,10179.599609375,9976.900390625,9990.7001953125,1486900
2021-08-02,10183.4501953125,10190.2998046875,10114.099609375,10162.75,602300
2021-08-03,10342.599609375,10355.650390625,10206.4501953125,10220.099609375,943100
2021-08-04,10246.7998046875,10408.0,10203.2001953125,10378.900390625,736000
2021-08-05,10224.900390625,10240.0,10157.7001953125,10237.650390625,565700
2021-08-06,10249.5,10316.400390625,10235.5498046875,10263.2998046875,468800
2021-08-09,10239.0,10348.7998046875,10200.4501953125,10274.75,600909000
2021-08-10,10158.75,10271.7998046875,10095.099609375,10247.099609375,785700
2021-08-11,10140.400390625,10225.349609375,10000.9501953125,10173.7998046875,611700
2021-08-12,10180.5498046875,10223.75,10137.099609375,10177.349609375,821700
2021-08-13,10178.2998046875,10240.849609375,10151.599609375,10218.650390625,991100
2021-08-16,10088.7998046875,10209.2001953125,10071.099609375,10182.2998046875,529100
2021-08-17,10088.2998046875,10100.4501953125,9963.25,10073.400390625,719000
2021-08-18,10067.9501953125,10134.150390625,10045.599609375,10123.75,516600
2021-08-20,9904.7001953125,10032.5498046875,9876.599609375,9972.5498046875,819800
2021-08-23,9759.150390625,10007.650390625,9744.5,9982.5498046875,672800
2021-08-24,9832.7998046875,9851.5498046875,9704.599609375,9779.0,743400
2021-08-25,9808.650390625,9899.25,9799.099609375,9874.4501953125,737100
2021-08-26,9763.099609375,9812.9501953125,9745.9501953125,9801.650390625,451000
2021-08-27,9793.849609375,9812.0,9718.25,9768.349609375,487700
2021-08-30,9957.900390625,9968.75,9863.4501953125,9867.7001953125,592000
2021-08-31,10034.4501953125,10044.349609375,9893.849609375,9972.7001953125,864000
2021-09-01,10043.900390625,10088.650390625,10010.599609375,10049.099609375,876400
2021-09-02,10022.4501953125,10083.5,9981.2998046875,10082.9501953125,624100
2021-09-03,10124.75,10195.900390625,10042.5498046875,10054.0498046875,1401700
2021-09-06,10167.25,10214.400390625,10156.099609375,10185.2001953125,681100
2021-09-07,10152.7001953125,10204.0498046875,10115.5498046875,10189.349609375,560000
2021-09-08,10100.400390625,10154.4501953125,10047.150390625,10152.099609375,537800
2021-09-09,10112.599609375,10144.2998046875,10054.349609375,10070.9501953125,890900
2021-09-13,10120.150390625,10125.7998046875,10045.0,10119.9501953125,425500
2021-09-14,10209.599609375,10246.75,10149.349609375,10151.25,624900
2021-09-15,10297.0,10309.599609375,10222.9501953125,10239.9501953125,660100
2021-09-16,10351.4501953125,10358.7001953125,10300.4501953125,10343.2001953125,486700
2021-09-17,10351.4501953125,10469.849609375,10284.4501953125,10392.099609375,579500
2021-09-20,10202.650390625,10348.0498046875,10176.400390625,10286.9501953125,495000
2021-09-21,10155.9501953125,10226.400390625,10021.349609375,10196.9501953125,468400
2021-09-22,10284.599609375,10314.0,10174.150390625,10179.5,625500
2021-09-23,10372.9501953125,10404.4501953125,10333.25,10337.75,762100
2021-09-24,10429.0498046875,10473.900390625,10341.75,10403.400390625,568000
2021-09-27,10765.150390625,10801.0,10501.0498046875,10513.0498046875,1159100
2021-09-28,10695.9501953125,10842.349609375,10608.75,10824.4501953125,639400
2021-09-29,10655.5,10715.650390625,10559.400390625,10640.099609375,522800
2021-09-30,10598.4501953125,10676.150390625,10561.75,10652.150390625,828600
2021-10-01,10596.9501953125,10617.849609375,10437.099609375,10544.849609375,775600
2021-10-04,10641.150390625,10695.4501953125,10616.400390625,10649.400390625,597800
2021-10-05,10692.0,10728.099609375,10599.9501953125,10624.4501953125,583700
2021-10-06,10567.5498046875,10766.900390625,10535.099609375,10722.650390625,533600
2021-10-07,11031.7998046875,11091.4501953125,10639.4501953125,10659.7001953125,2353800
2021-10-08,11079.349609375,11206.9501953125,11054.650390625,11147.75,1250600
2021-10-11,11375.5498046875,11444.7001953125,11125.0498046875,11136.5498046875,1522000
2021-10-12,11476.099609375,11525.5,11374.099609375,11400.150390625,1320500
2021-10-13,11870.0,12001.900390625,11603.099609375,11687.5498046875,2895000
2021-10-14,11800.2998046875,12014.5,11775.5,12005.9501953125,1351000
2021-10-18,11814.7998046875,11964.5498046875,11796.849609375,11862.7998046875,1202600
2021-10-19,11626.849609375,11892.0498046875,11580.75,11859.2001953125,916600
2021-10-20,11493.2998046875,11648.900390625,11388.849609375,11598.650390625,876500
2021-10-21,11557.400390625,11602.0498046875,11392.5,11588.0498046875,786100
2021-10-22,11433.9501953125,11641.349609375,11380.7998046875,11634.650390625,903800
2021-10-25,11228.2001953125,11445.650390625,11177.75,11417.849609375,606000
2021-10-26,11452.25,11466.7998046875,11258.849609375,11269.7001953125,828400
2021-10-27,11395.150390625,11491.150390625,11364.4501953125,11466.9501953125,530000
2021-10-28,11260.900390625,11449.099609375,11223.4501953125,11380.7998046875,626100
2021-10-29,11297.4501953125,11413.150390625,11070.650390625,11262.9501953125,640000
2021-11-01,11421.0,11460.150390625,11205.25,11306.4501953125,661100
2021-11-02,11521.25,11610.349609375,11487.5,11534.400390625,850000
2021-11-03,11401.2001953125,11560.9501953125,11366.9501953125,11515.099609375,470500
2021-11-04,11569.7998046875,11590.2001953125,11471.0,11480.7998046875,113500
2021-11-08,11645.75,11684.25,11602.5,11645.849609375,722900
2021-11-09,11766.25,11824.900390625,11691.349609375,11701.25,1314300
2021-11-10,11829.150390625,11855.7998046875,11718.7001953125,11776.25,651700
2021-11-11,11690.150390625,11848.75,11645.0,11818.75,554300
2021-11-12,11706.5,11795.25,11635.7001953125,11791.349609375,522800
2021-11-15,11687.650390625,11840.9501953125,11645.2998046875,11716.099609375,593900
2021-11-16,11977.2998046875,12078.7998046875,11692.0498046875,11717.9501953125,1199300
2021-11-17,12061.7998046875,12139.75,11958.5,11982.75,818900
2021-11-18,11747.4501953125,12067.25,11690.900390625,12061.900390625,826900
2021-11-22,11379.75,11788.7998046875,11270.349609375,11788.7998046875,755700
2021-11-23,11455.7001953125,11497.0,11275.25,11339.2001953125,705700
2021-11-24,11308.849609375,11532.650390625,11266.9501953125,11521.0498046875,446500
2021-11-25,11247.75,11366.2001953125,11193.0,11312.9501953125,361000
2021-11-26,10759.599609375,11159.599609375,10721.349609375,11159.599609375,942900
2021-11-29,10704.150390625,10807.650390625,10448.150390625,10705.650390625,793100
2021-11-30,10603.5498046875,10868.75,10554.25,10725.9501953125,741600
2021-12-01,10758.150390625,10802.650390625,10670.099609375,10725.75,601800
2021-12-02,10873.150390625,10891.599609375,10752.7998046875,10787.150390625,506200
2021-12-03,10788.75,10929.0,10757.2998046875,10880.099609375,463400
2021-12-06,10589.7998046875,10793.349609375,10570.349609375,10788.5,385400
2021-12-07,10759.0,10812.5498046875,10653.650390625,10698.599609375,413700
2021-12-08,11007.7001953125,11018.400390625,10807.2998046875,10822.849609375,481900
2021-12-09,11058.75,11095.849609375,10942.099609375,11095.4501953125,432400
2021-12-10,11080.0498046875,11127.5,10997.4501953125,11002.7998046875,330100
2021-12-13,11047.150390625,11212.2001953125,11032.0498046875,11176.5498046875,420000
2021-12-14,10972.150390625,11012.4501953125,10888.349609375,11010.5,354000
2021-12-15,11026.0,11102.150390625,10961.2001953125,10973.599609375,445100
2021-12-16,10945.75,11094.75,10905.2001953125,11091.7001953125,370100
2021-12-17,10678.650390625,10931.599609375,10661.400390625,10927.0,509200
2021-12-20,10405.2998046875,10543.5,10197.2001953125,10536.099609375,640300
2021-12-21,10483.900390625,10589.5,10412.900390625,10466.9501953125,415000
2021-12-22,10652.5498046875,10686.349609375,10534.0498046875,10534.25,393800
2021-12-23,10731.0498046875,10769.5498046875,10700.349609375,10737.5498046875,280700
2021-12-24,10620.75,10792.7001953125,10561.2001953125,10787.400390625,294000
2021-12-27,10641.650390625,10656.849609375,10505.75,10582.150390625,277100
2021-12-28,10783.849609375,10796.650390625,10671.349609375,10698.0,383500
2021-12-29,10829.5498046875,10850.650390625,10740.75,10799.9501953125,295900
2021-12-30,10755.650390625,10850.5498046875,10741.75,10844.150390625,280800
2021-12-31,10936.900390625,10950.4501953125,10774.7001953125,10788.400390625,319700
2022-01-03,11114.5498046875,11145.9501953125,10998.349609375,11001.2998046875,639000
2022-01-04,11139.400390625,11171.0498046875,11058.25,11165.0,447900
2022-01-05,11256.849609375,11277.7998046875,11103.2001953125,11133.099609375,429900
2022-01-06,11316.599609375,11334.900390625,11122.0498046875,11186.599609375,414200
2022-01-07,11290.900390625,11384.5498046875,11216.25,11341.75,303500
2022-01-10,11501.7001953125,11524.2998046875,11327.2001953125,11341.349609375,421800
2022-01-11,11479.7001953125,11542.349609375,11439.5,11476.9501953125,309500
2022-01-12,11645.900390625,11660.650390625,11484.75,11526.25,466300
2022-01-13,11686.150390625,11697.099609375,11507.5,11642.7001953125,502800
2022-01-14,11643.0498046875,11728.650390625,11592.150390625,11618.349609375,337800
2022-01-17,11881.25,11914.9501953125,11676.400390625,11692.599609375,747300
2022-01-18,11598.75,11907.2001953125,11555.599609375,11907.2001953125,446100
2022-01-19,11681.400390625,11704.75,11492.4501953125,11628.650390625,434400
2022-01-20,11583.2001953125,11750.5498046875,11525.150390625,11665.25,466100
2022-01-21,11561.75,11682.7998046875,11421.25,11509.900390625,435100
2022-01-24,11261.2001953125,11627.599609375,11152.650390625,11535.0498046875,540400
2022-01-25,11522.75,11539.9501953125,11075.150390625,11172.25,598100
2022-01-27,11561.599609375,11654.2998046875,11296.900390625,11432.75,600300
2022-01-28,11493.400390625,11761.150390625,11470.0,11615.5498046875,541100
2022-01-31,11703.5,11737.5,11578.099609375,11619.5498046875,489000
2022-02-01,11616.099609375,11771.099609375,11427.2998046875,11741.2001953125,811300
2022-02-02,11632.400390625,11765.0498046875,11594.5,11664.0498046875,417500
2022-02-03,11683.400390625,11840.4501953125,11633.599609375,11648.7001953125,486700
2022-02-04,11560.599609375,11720.25,11521.5498046875,11706.25,396800
2022-02-07,11407.25,11600.75,11334.7001953125,11572.4501953125,332500
2022-02-08,11429.7998046875,11561.5,11300.2001953125,11491.099609375,573600
2022-02-09,11680.150390625,11699.099609375,11478.400390625,11485.7001953125,349100
2022-02-10,11674.0498046875,11761.2998046875,11603.5,11761.2998046875,428200
2022-02-11,11552.900390625,11651.25,11505.349609375,11585.5,445300
2022-02-14,11107.150390625,11335.2001953125,11056.650390625,11306.900390625,627500
2022-02-15,11552.2998046875,11568.2001953125,11060.099609375,11150.150390625,633400
2022-02-16,11509.7001953125,11663.25,11470.25,11598.849609375,445400
2022-02-17,11492.849609375,11671.4501953125,11469.599609375,11571.2998046875,522700
2022-02-18,11420.4501953125,11539.25,11396.849609375,11449.5,327400
2022-02-21,11361.599609375,11456.349609375,11260.400390625,11361.25,448600
2022-02-22,11343.0498046875,11378.75,11113.900390625,11128.0,522400
2022-02-23,11318.7001953125,11474.2001953125,11286.650390625,11406.2998046875,465200
2022-02-24,10609.7998046875,11056.150390625,10542.099609375,10946.150390625,1171600
2022-02-25,10895.2998046875,11002.2998046875,10790.0498046875,10806.7001953125,828700
2022-02-28,10820.5498046875,10851.7001953125,10618.5498046875,10778.7998046875,666900
2022-03-02,10500.4501953125,10723.650390625,10449.5498046875,10723.650390625,594500
2022-03-03,10261.099609375,10648.599609375,10222.25,10648.599609375,685400
2022-03-04,9896.650390625,10161.150390625,9854.349609375,10143.75,1042000
2022-03-07,9480.4501953125,9655.0,9374.0,9648.7998046875,1070400
2022-03-08,9560.0,9581.650390625,9226.9501953125,9432.650390625,1155600
2022-03-09,9832.349609375,9872.4501953125,9560.099609375,9628.25,978600
2022-03-10,10019.349609375,10236.2998046875,9958.599609375,10157.0498046875,1230300
2022-03-11,9979.7001953125,10020.099609375,9868.7998046875,9964.7001953125,871900
2022-03-14,10074.2998046875,10092.150390625,9817.9501953125,9963.4501953125,753100
2022-03-15,10131.2998046875,10302.4501953125,10060.7001953125,10075.400390625,918000
2022-03-16,10350.099609375,10372.4501953125,10233.5,10300.599609375,676300
2022-03-17,10576.0,10590.5,10443.0,10469.5498046875,708800
2022-03-21,10448.400390625,10673.400390625,10423.7998046875,10639.25,455400
2022-03-22,10572.900390625,10586.25,10302.650390625,10453.0498046875,659100
2022-03-23,10463.4501953125,10659.150390625,10435.7001953125,10625.7998046875,496600
2022-03-24,10412.400390625,10502.9501953125,10353.2001953125,10397.25,382800
2022-03-25,10354.150390625,10461.5,10300.599609375,10453.2001953125,353000
2022-03-28,10421.599609375,10437.400390625,10300.150390625,10360.25,412300
2022-03-29,10416.25,10523.0,10387.2001953125,10468.5498046875,431100
2022-03-30,10542.150390625,10604.9501953125,10491.4501953125,10519.0,452500
2022-03-31,10552.099609375,10618.400390625,10528.650390625,10566.2998046875,446100
2022-04-01,10676.849609375,10692.7998046875,10471.75,10522.2001953125,453600
2022-04-04,10803.849609375,10812.900390625,10641.7998046875,10688.75,403800
2022-04-05,10936.5,10988.4501953125,10837.900390625,10850.650390625,509600
2022-04-06,10906.7998046875,10942.349609375,10830.099609375,10915.400390625,440900
2022-04-07,10820.7001953125,10926.400390625,10804.5,10869.2998046875,432600
2022-04-08,10894.2998046875,10921.900390625,10792.4501953125,10838.7998046875,453900
2022-04-11,10882.099609375,10928.400390625,10847.2998046875,10928.400390625,358500
2022-04-12,10788.7998046875,10850.2998046875,10694.349609375,10837.7998046875,454800
2022-04-13,10698.2998046875,10874.2001953125,10676.900390625,10819.099609375,308500
2022-04-18,10745.75,10761.9501953125,10566.4501953125,10637.849609375,353800
2022-04-19,10615.150390625,10877.0498046875,10519.0498046875,10795.9501953125,291000
2022-04-20,10848.7001953125,10885.650390625,10668.5,10686.099609375,370500
2022-04-21,11090.5498046875,11104.599609375,10890.75,10892.900390625,314400
2022-04-22,11028.150390625,11118.25,10899.75,10990.349609375,363700
2022-04-25,10916.5,11063.849609375,10864.400390625,10918.150390625,343500
2022-04-26,11221.75,11229.25,11018.400390625,11027.5498046875,563700
2022-04-27,11158.849609375,11200.7001953125,11063.099609375,11118.7001953125,360700
2022-04-28,11192.0498046875,11290.5498046875,11128.849609375,11290.5498046875,317000
2022-04-29,11078.099609375,11275.650390625,11034.75,11236.150390625,525200
2022-05-02,10938.2998046875,11038.0498046875,10897.0498046875,11015.599609375,428600
2022-05-04,10661.0,11023.4501953125,10617.900390625,10942.25,357600
2022-05-05,10705.7001953125,10885.849609375,10684.349609375,10765.9501953125,382700
2022-05-06,10518.4501953125,10604.0498046875,10473.150390625,10554.75,601300
2022-05-09,10483.5,10551.0,10312.650390625,10426.5498046875,389700
2022-05-10,10472.4501953125,10635.2001953125,10436.2001953125,10459.7998046875,409600
2022-05-11,10377.400390625,10541.5,10233.400390625,10486.7001953125,489500
2022-05-12,10164.349609375,10293.099609375,10092.599609375,10268.0498046875,628700
2022-05-13,10412.349609375,10610.849609375,10280.349609375,10300.25,1132000
2022-05-16,10649.099609375,10672.650390625,10475.75,10506.599609375,468600
2022-05-17,10911.150390625,10928.0,10677.0,10677.5,463700
2022-05-18,10909.4501953125,11015.2001953125,10878.7001953125,10917.2001953125,420000
2022-05-19,10618.0,10800.849609375,10597.5498046875,10680.25,386500
2022-05-20,10914.599609375,10970.25,10780.4501953125,10816.75,823400
2022-05-23,11115.2001953125,11229.900390625,11057.5498046875,11057.7001953125,819300
2022-05-24,11116.2998046875,11197.5,11062.7998046875,11166.650390625,586600
2022-05-25,11011.5,11196.400390625,10975.7998046875,11174.900390625,468700
2022-05-26,11097.150390625,11122.5498046875,10852.4501953125,11057.7998046875,460600
2022-05-27,11270.25,11300.7001953125,11141.099609375,11205.7001953125,386200
2022-05-30,11491.400390625,11543.150390625,11380.25,11386.2998046875,517200
2022-05-31,11586.599609375,11682.2998046875,11494.7001953125,11512.400390625,684900
2022-06-01,11563.0,11675.5,11490.5498046875,11608.7001953125,464900
2022-06-02,11491.400390625,11557.400390625,11416.25,11543.5,403700
2022-06-03,11282.150390625,11592.900390625,11258.099609375,11562.5,364100
2022-06-06,11303.150390625,11352.9501953125,11175.25,11245.400390625,337700
2022-06-07,11362.2001953125,11383.2998046875,11153.400390625,11228.849609375,322900
2022-06-08,11382.349609375,11450.0,11270.650390625,11421.599609375,344000
2022-06-09,11419.25,11438.75,11294.2998046875,11320.900390625,295500
2022-06-10,11394.0,11421.7998046875,11318.5,11324.650390625,264800
2022-06-13,11165.650390625,11261.2001953125,11132.0498046875,11215.400390625,392400
2022-06-14,11104.150390625,11258.849609375,11049.0498046875,11093.4501953125,451900
2022-06-15,11206.75,11250.4501953125,11153.9501953125,11158.7998046875,340100
2022-06-16,10956.599609375,11338.849609375,10939.7001953125,11322.2998046875,460200
2022-06-17,10830.900390625,10947.25,10762.4501953125,10902.4501953125,553900
2022-06-20,10754.7001953125,10882.150390625,10684.650390625,10845.75,521900
2022-06-21,10974.2001953125,10994.0,10786.7998046875,10818.4501953125,415400
2022-06-22,10881.400390625,10987.7998046875,10825.75,10948.7001953125,336100
2022-06-23,11359.5,11386.900390625,10933.9501953125,10940.349609375,623500
2022-06-24,11583.25,11596.7001953125,11407.75,11441.2001953125,523100
2022-06-27,11686.0498046875,11780.150390625,11659.7001953125,11747.9501953125,465800
2022-06-28,11832.5498046875,11852.0498046875,11608.4501953125,11644.400390625,553500
2022-06-29,11850.5,11865.25,11715.9501953125,11736.2998046875,446400
2022-06-30,11701.150390625,11911.349609375,11671.7998046875,11812.0498046875,617300
2022-07-01,11711.9501953125,11737.0,11530.349609375,11649.9501953125,446500
2022-07-04,11692.099609375,11733.400390625,11591.4501953125,11690.7998046875,384800
2022-07-05,11649.7998046875,11791.400390625,11632.0498046875,11750.25,344100
2022-07-06,11952.2001953125,11974.75,11671.650390625,11676.4501953125,381000
2022-07-07,12114.099609375,12132.400390625,12039.2001953125,12056.599609375,393800
2022-07-08,12124.599609375,12303.7998046875,12069.5,12274.349609375,527500
2022-07-11,12252.5,12266.2998046875,12040.5,12074.650390625,308800
2022-07-12,12107.349609375,12220.2001953125,12082.900390625,12218.5,234400
2022-07-13,12099.349609375,12189.349609375,12080.150390625,12154.0498046875,247700
2022-07-14,12115.2998046875,12184.0498046875,12025.25,12098.5498046875,257100
2022-07-15,12361.650390625,12377.650390625,12135.650390625,12139.9501953125,351800
2022-07-18,12408.7001953125,12455.849609375,12391.0,12435.5,381500
2022-07-19,12538.900390625,12553.599609375,12364.650390625,12373.5498046875,343700
2022-07-20,12511.2998046875,12660.7001953125,12484.599609375,12621.7001953125,439000
2022-07-21,12581.349609375,12612.400390625,12501.900390625,12528.7001953125,298800
2022-07-22,12634.2001953125,12690.0,12596.4501953125,12623.349609375,308600
2022-07-25,12423.7001953125,12648.4501953125,12369.099609375,12639.349609375,302600
2022-07-26,12276.5,12429.349609375,12262.0498046875,12418.2998046875,295900
2022-07-27,12326.349609375,12342.5498046875,12204.650390625,12289.0,253400
2022-07-28,12383.7001953125,12417.599609375,12238.7001953125,12357.5498046875,572800
2022-07-29,12543.2001953125,12687.599609375,12474.150390625,12482.5498046875,767100
2022-08-01,12953.650390625,12974.349609375,12627.9501953125,12645.650390625,988400
2022-08-02,13023.650390625,13048.5498046875,12817.0498046875,12921.9501953125,576800
2022-08-03,12919.400390625,13036.7998046875,12767.75,13036.7998046875,471600
2022-08-04,12945.7001953125,13024.2998046875,12754.25,13006.7001953125,469900
2022-08-05,12804.349609375,12981.099609375,12782.7998046875,12977.7998046875,359600
2022-08-08,12927.9501953125,12977.7998046875,12816.400390625,12821.5498046875,314400
2022-08-10,12951.650390625,12992.7001953125,12868.5,12959.0498046875,338700
2022-08-11,12923.5498046875,13097.349609375,12859.900390625,13080.2001953125,325200
2022-08-12,12923.75,12953.150390625,12847.4501953125,12938.0,429500
2022-08-16,13250.0,13261.849609375,13013.099609375,13021.150390625,0
2022-08-17,13194.25,13336.0498046875,13172.849609375,13281.0,440500
2022-08-18,13131.900390625,13206.2998046875,13093.75,13180.150390625,940900
2022-08-19,12946.4501953125,13222.599609375,12910.349609375,13177.349609375,533600
2022-08-22,12695.75,12906.75,12675.75,12899.400390625,473100
2022-08-23,12925.75,12945.849609375,12607.599609375,12630.900390625,511700
2022-08-24,12913.349609375,12957.0,12820.5,12898.099609375,298500
2022-08-25,12877.900390625,13001.099609375,12856.7001953125,12956.7001953125,301000
2022-08-26,12929.150390625,13037.349609375,12912.849609375,12984.25,386600
2022-08-29,12886.400390625,12909.9501953125,12651.75,12675.2001953125,310900
2022-08-30,13217.349609375,13256.5,12968.2001953125,12975.650390625,556300
2022-09-01,13266.150390625,13381.650390625,13025.5498046875,13025.5498046875,778000
2022-09-02,13220.650390625,13362.349609375,13203.349609375,13327.5498046875,453800
2022-09-05,13246.099609375,13260.75,13162.849609375,13244.400390625,353000
2022-09-06,13225.2998046875,13332.2001953125,13198.150390625,13299.75,423800
2022-09-07,13072.650390625,13205.5,13025.5,13129.75,509000
2022-09-08,13151.400390625,13233.2998046875,13117.400390625,13179.150390625,372900
2022-09-09,13219.599609375,13257.4501953125,13133.9501953125,13255.25,398100
2022-09-12,13256.099609375,13316.4501953125,13243.650390625,13259.150390625,288400
2022-09-13,13264.150390625,13340.650390625,13242.2998046875,13320.099609375,330700
2022-09-14,13222.25,13294.099609375,13085.7001953125,13090.9501953125,361800
2022-09-15,13315.5,13421.599609375,13263.849609375,13288.0,343500
2022-09-16,12954.4501953125,13324.349609375,12849.5498046875,13312.599609375,550100
2022-09-19,13074.0,13145.150390625,12872.5498046875,12982.650390625,469700
2022-09-20,13291.349609375,13379.75,13174.7001953125,13179.150390625,429600
2022-09-21,13223.4501953125,13412.900390625,13186.349609375,13303.2998046875,275800
2022-09-22,13320.75,13361.099609375,13146.5498046875,13165.099609375,390400
2022-09-23,13093.5,13392.0498046875,13023.5,13326.5,382100
2022-09-26,12594.349609375,12988.5,12539.5498046875,12964.5498046875,548200
2022-09-27,12529.7998046875,12687.7998046875,12407.400390625,12687.7998046875,504800
2022-09-28,12537.349609375,12683.0498046875,12371.0,12451.7001953125,396600
2022-09-29,12497.349609375,12706.849609375,12468.349609375,12655.150390625,448800
2022-09-30,12699.2998046875,12753.400390625,12365.7001953125,12501.150390625,471900
2022-10-03,12441.0498046875,12790.099609375,12388.0498046875,12790.099609375,526500
2022-10-04,12690.5498046875,12724.2998046875,12586.599609375,12643.0,357400
2022-10-06,12784.5498046875,12893.0498046875,12757.5,12769.0498046875,377800
2022-10-07,12761.9501953125,12831.650390625,12711.349609375,12811.400390625,367100
2022-10-10,12693.599609375,12711.5,12514.650390625,12622.75,531600
2022-10-11,12488.349609375,12725.2001953125,12463.25,12714.2998046875,382100
2022-10-12,12598.2998046875,12612.7001953125,12459.150390625,12526.900390625,378100
2022-10-13,12562.75,12722.599609375,12501.599609375,12609.5498046875,306400
2022-10-14,12478.25,12773.5,12464.2998046875,12758.099609375,280900
2022-10-17,12562.5498046875,12589.349609375,12386.2998046875,12445.5498046875,264200
2022-10-18,12732.650390625,12769.5,12620.599609375,12623.5498046875,334900
2022-10-19,12721.0498046875,12839.900390625,12698.650390625,12790.5,319200
2022-10-20,12729.599609375,12755.0,12544.599609375,12657.150390625,338100
2022-10-21,12695.650390625,12822.9501953125,12600.9501953125,12753.849609375,270500
2022-10-24,12794.650390625,12856.2998046875,12775.7998046875,12827.4501953125,55500
2022-10-25,12952.7998046875,12971.150390625,12803.0498046875,12842.0,389700
2022-10-27,12979.400390625,13026.0,12908.599609375,13024.7998046875,317700
2022-10-28,13190.900390625,13218.9501953125,12991.099609375,13024.9501953125,342800
2022-10-31,13381.650390625,13453.75,13270.2998046875,13302.2998046875,367500
2022-11-01,13416.900390625,13486.7998046875,13303.0498046875,13470.75,447700
2022-11-02,13318.25,13449.9501953125,13264.25,13438.0498046875,285200
2022-11-03,13262.650390625,13410.2998046875,13223.400390625,13265.4501953125,327600
2022-11-04,13271.7001953125,13336.7998046875,13228.75,13283.75,340800
2022-11-07,13443.900390625,13460.900390625,13316.4501953125,13336.0,353400
2022-11-09,13341.400390625,13544.900390625,13308.2001953125,13544.75,424000
2022-11-10,13080.75,13282.9501953125,13033.9501953125,13282.9501953125,431000
2022-11-11,13040.900390625,13280.7998046875,13003.2001953125,13254.4501953125,695500
2022-11-14,13071.400390625,13147.0,13035.900390625,13108.099609375,549900
2022-11-15,13155.5498046875,13190.5498046875,13074.5,13086.7998046875,348000
2022-11-16,13105.9501953125,13220.900390625,13043.25,13148.5498046875,273400
2022-11-17,12927.400390625,13066.5498046875,12904.0498046875,13046.2001953125,404400
2022-11-18,12774.900390625,12957.7998046875,12717.400390625,12929.25,315200
2022-11-21,12696.099609375,12777.7001953125,12668.2998046875,12738.0,329200
2022-11-22,12745.5,12765.849609375,12694.599609375,12712.0,253800
2022-11-23,12774.75,12835.2001953125,12762.849609375,12809.25,193400
2022-11-24,12845.599609375,12864.900390625,12781.150390625,12827.5498046875,216300
2022-11-25,12958.0,12996.849609375,12828.4501953125,12884.5,379200
2022-11-28,13036.400390625,13101.4501953125,12950.599609375,12963.599609375,303500
2022-11-29,13007.650390625,13088.599609375,12979.400390625,13048.7001953125,267500
2022-11-30,13231.849609375,13280.099609375,13021.900390625,13037.5,940800
2022-12-01,13191.75,13295.9501953125,13162.25,13295.9501953125,284000
2022-12-02,13046.349609375,13166.099609375,13024.849609375,13137.0,329700
2022-12-05,13007.5498046875,13075.2998046875,12972.2998046875,13071.599609375,282300
2022-12-06,12973.7998046875,12985.0498046875,12912.7001953125,12963.2998046875,229100
2022-12-07,12870.650390625,12990.75,12855.0,12981.5,385300
2022-12-08,12908.150390625,12934.0,12846.4501953125,12899.099609375,370000
2022-12-09,12869.400390625,13009.75,12764.650390625,12963.650390625,385500
2022-12-12,12874.349609375,12931.2998046875,12767.75,12865.75,341600
2022-12-13,12931.0,12967.349609375,12905.0,12921.5,376700
2022-12-14,13004.099609375,13010.0498046875,12949.5,12977.400390625,463400
2022-12-15,12912.900390625,13037.75,12890.7001953125,13000.349609375,343200
2022-12-16,12775.25,12908.2001953125,12702.7001953125,12860.7001953125,840700
2022-12-19,12978.7998046875,12995.099609375,12715.349609375,12783.599609375,466300
2022-12-20,12879.400390625,12948.4501953125,12768.099609375,12948.4501953125,436100
2022-12-21,12695.4501953125,12951.400390625,12633.099609375,12909.650390625,590700
2022-12-22,12554.7001953125,12765.2001953125,12511.900390625,12721.150390625,580100
2022-12-23,12236.0,12474.5,12213.5498046875,12452.599609375,628700
2022-12-27,12522.75,12567.5,12409.400390625,12483.0,457700
2022-12-28,12605.4501953125,12639.25,12470.2001953125,12500.75,419900
2022-12-29,12634.599609375,12705.75,12456.4501953125,12537.75,417200
2022-12-30,12611.7001953125,12700.0498046875,12593.2001953125,12700.0,304600
2023-01-02,12667.75,12685.099609375,12604.4501953125,12636.599609375,427192800
2023-01-03,12614.75,12687.4501953125,12583.75,12664.150390625,308700
2023-01-04,12512.0498046875,12631.2001953125,12467.7998046875,12622.7998046875,396700
2023-01-05,12656.650390625,12668.349609375,12507.4501953125,12555.5498046875,331400
2023-01-06,12627.7998046875,12689.0,12597.75,12656.900390625,305100
2023-01-09,12783.0,12810.4501953125,12694.349609375,12706.650390625,462600
2023-01-10,12819.099609375,12906.599609375,12769.4501953125,12844.400390625,1037400
2023-01-11,12753.0498046875,12865.900390625,12714.7001953125,12856.0498046875,501000
2023-01-12,12769.400390625,12807.7001953125,12703.25,12786.9501953125,400900
2023-01-13,12832.400390625,12883.900390625,12724.0498046875,12797.5,584700
2023-01-16,12748.7998046875,12892.25,12694.849609375,12861.25,334000
2023-01-17,12821.849609375,12835.25,12705.7001953125,12769.0,643000
2023-01-18,12817.599609375,12835.5498046875,12759.9501953125,12827.349609375,339400
2023-01-19,12763.0,12803.5,12743.5498046875,12775.599609375,314000
2023-01-20,12691.7001953125,12794.150390625,12673.7998046875,12775.75,595500
2023-01-23,12797.0498046875,12845.25,12700.400390625,12748.150390625,350200
2023-01-24,12960.849609375,12976.5,12818.7998046875,12840.400390625,499800
2023-01-25,12957.150390625,13030.2998046875,12895.349609375,12986.5,553800
2023-01-27,13089.7001953125,13278.849609375,12912.2001953125,13105.849609375,1111900
2023-01-30,13076.849609375,13164.25,12959.650390625,13096.4501953125,546900
2023-01-31,13323.900390625,13355.9501953125,13099.400390625,13160.7998046875,632300
2023-02-01,13206.849609375,13539.7998046875,12972.349609375,13397.75,592100
2023-02-02,13213.25,13275.5498046875,13091.150390625,13178.150390625,666700
2023-02-03,13377.9501953125,13396.9501953125,13167.650390625,13273.75,545900
2023-02-06,13360.150390625,13398.2001953125,13221.7998046875,13372.099609375,394200
2023-02-07,13226.0498046875,13391.0,13182.599609375,13379.349609375,500900
2023-02-08,13257.349609375,13276.0,13132.849609375,13246.650390625,491500
2023-02-09,13187.849609375,13246.0498046875,13133.5498046875,13244.75,465100
2023-02-10,13235.0498046875,13264.900390625,13153.7998046875,13198.4501953125,471400
2023-02-13,13154.349609375,13287.7001953125,13074.150390625,13224.599609375,371400
2023-02-14,13106.5498046875,13220.150390625,13093.5498046875,13184.9501953125,359800
2023-02-15,13235.2001953125,13246.2001953125,13087.400390625,13099.25,404200
2023-02-16,13206.0498046875,13316.25,13187.0,13274.2998046875,324200
2023-02-17,13140.0,13233.0,13107.849609375,13153.0498046875,260300
2023-02-20,13177.400390625,13228.599609375,13105.349609375,13165.2998046875,537000
2023-02-21,13148.75,13227.900390625,13129.2998046875,13222.4501953125,287000
2023-02-22,12989.9501953125,13149.5,12973.2998046875,13114.25,341500
2023-02-23,12982.25,13026.400390625,12896.25,13018.150390625,387300
2023-02-24,12869.099609375,13037.650390625,12853.9501953125,13024.5,296400
2023-02-27,12675.2998046875,12840.900390625,12566.0498046875,12822.849609375,415000
2023-02-28,12731.7998046875,12855.25,12689.400390625,12714.7998046875,454300
2023-03-01,12849.2998046875,12881.9501953125,12755.849609375,12759.0,312600
2023-03-02,12738.7998046875,12875.2001953125,12712.349609375,12874.2998046875,245400
2023-03-03,12787.0498046875,12834.900390625,12750.9501953125,12799.900390625,257900
2023-03-06,12909.5,12937.150390625,12821.75,12828.349609375,400400
2023-03-08,13019.5,13030.0498046875,12859.25,12882.9501953125,247300
2023-03-09,12781.2001953125,13059.4501953125,12766.75,13039.900390625,230600
2023-03-10,12741.599609375,12766.2001953125,12692.0498046875,12762.2998046875,300300
2023-03-13,12456.0,12738.400390625,12410.099609375,12714.5498046875,464000
2023-03-14,12345.5498046875,12486.0498046875,12310.0498046875,12475.2001953125,488200
2023-03-15,12282.0,12489.7001953125,12266.599609375,12461.7998046875,292400
2023-03-16,12304.900390625,12349.150390625,12159.900390625,12267.0,4528200
2023-03-17,12245.9501953125,12424.9501953125,12177.5498046875,12387.349609375,561100
2023-03-20,12131.7001953125,12255.4501953125,12025.400390625,12225.2998046875,632600
2023-03-21,12141.9501953125,12188.099609375,12114.4501953125,12165.0498046875,452100
2023-03-22,12201.349609375,12266.2998046875,12165.2001953125,12190.099609375,0
2023-03-23,12205.7001953125,12270.900390625,12153.400390625,12191.900390625,387600
2023-03-24,12113.400390625,12235.9501953125,12089.099609375,12196.5,368200
2023-03-27,12035.099609375,12131.349609375,12015.849609375,12093.75,397000
2023-03-28,11917.9501953125,12090.5,11901.849609375,12066.900390625,451600
2023-03-29,12121.2998046875,12142.5498046875,11935.099609375,11944.2998046875,460200
2023-03-31,12243.7998046875,12257.650390625,12154.0,12157.7998046875,392200
2023-04-03,12425.849609375,12456.7001953125,12328.400390625,12361.0498046875,304200
2023-04-05,12357.650390625,12453.7998046875,12340.25,12428.5,481400
2023-04-06,12469.349609375,12479.849609375,12312.75,12366.599609375,326000
2023-04-10,12616.75,12636.150390625,12516.4501953125,12520.099609375,736000
2023-04-11,12742.0498046875,12756.0,12640.400390625,12679.150390625,380800
2023-04-12,12862.2001953125,12897.650390625,12751.75,12759.0,464400
2023-04-13,12918.650390625,12938.7998046875,12861.150390625,12884.4501953125,400100
2023-04-17,12996.150390625,13012.900390625,12910.9501953125,13012.900390625,352900
2023-04-18,13005.099609375,13065.150390625,12954.349609375,13021.4501953125,428700
2023-04-19,13002.5498046875,13056.099609375,12981.150390625,12992.099609375,333000
2023-04-20,13032.349609375,13049.2001953125,12995.099609375,13028.5,366500
2023-04-21,12898.75,13031.900390625,12881.150390625,13031.900390625,313600
2023-04-24,12893.349609375,12928.75,12838.2001953125,12901.0498046875,295100
2023-04-25,12904.5498046875,12942.849609375,12869.099609375,12916.9501953125,398200
2023-04-26,12972.75,12992.650390625,12900.650390625,12928.2998046875,387200
2023-04-27,13071.7998046875,13084.9501953125,12961.400390625,12984.650390625,279400
2023-04-28,13189.25,13208.650390625,13071.0,13103.5498046875,435500
2023-05-02,13283.150390625,13307.4501953125,13147.900390625,13212.2998046875,439500
2023-05-03,13278.599609375,13289.25,13215.9501953125,13273.2001953125,254900
2023-05-04,13292.5498046875,13320.2001953125,13260.5498046875,13291.75,274800
2023-05-05,13345.7998046875,13453.650390625,13287.650390625,13314.2998046875,391100
2023-05-08,13584.25,13603.0498046875,13396.5498046875,13422.0498046875,574100
2023-05-09,13648.5,13712.400390625,13600.0498046875,13631.150390625,435000
2023-05-10,13750.849609375,13763.099609375,13626.650390625,13705.349609375,411300
2023-05-11,13803.75,13826.900390625,13736.0498046875,13810.849609375,458200
2023-05-12,13910.5,13957.2001953125,13854.7998046875,13871.650390625,633300
2023-05-15,14007.849609375,14082.4501953125,13931.400390625,13952.75,688300
2023-05-16,13877.7001953125,14067.0498046875,13851.2001953125,14046.400390625,403800
2023-05-17,13889.900390625,13936.5,13839.2001953125,13892.7001953125,377800
2023-05-18,13767.7001953125,13960.849609375,13756.849609375,13948.0,408900
2023-05-19,13863.5498046875,13876.5498046875,13647.599609375,13799.0,557200
2023-05-22,13890.5,13925.150390625,13823.400390625,13856.2998046875,349300
2023-05-23,13982.599609375,13994.599609375,13884.7001953125,13907.5498046875,488200
2023-05-24,13989.599609375,14035.400390625,13916.25,13959.900390625,462000
2023-05-25,14029.5,14050.849609375,13920.75,13963.0498046875,514100
2023-05-26,14130.4501953125,14150.0,14017.650390625,14063.400390625,539900
2023-05-29,14219.599609375,14315.349609375,14158.0,14254.849609375,419600
2023-05-30,14177.849609375,14273.2998046875,14164.75,14241.150390625,299100
2023-05-31,14199.0,14236.7998046875,14107.7001953125,14180.650390625,1442800
2023-06-01,14257.0,14303.2998046875,14168.75,14202.400390625,371300
2023-06-02,14388.599609375,14402.25,14263.4501953125,14325.349609375,386400
2023-06-05,14570.25,14598.400390625,14449.75,14469.7001953125,436100
2023-06-06,14729.5,14743.4501953125,14594.2998046875,14609.0,414500
2023-06-07,14819.4501953125,14842.5,14716.349609375,14798.4501953125,425800
2023-06-08,14692.0,14903.099609375,14669.7998046875,14866.25,540100
2023-06-09,14626.0,14759.5498046875,14610.2001953125,14730.0498046875,343200
2023-06-12,14673.849609375,14729.2001953125,14601.0,14691.9501953125,386200
2023-06-13,14658.2998046875,14744.0,14643.5498046875,14714.25,370700
2023-06-14,14682.7001953125,14718.150390625,14635.900390625,14692.75,329500
2023-06-15,14707.849609375,14815.7998046875,14660.5498046875,14714.900390625,438500
2023-06-16,14768.4501953125,14788.150390625,14701.5498046875,14747.849609375,819700
2023-06-19,14676.7001953125,14842.2998046875,14658.0498046875,14807.650390625,493300
2023-06-20,14785.650390625,14810.75,14573.900390625,14683.900390625,592600
2023-06-21,14777.7001953125,14885.2001953125,14738.2998046875,14813.0,547000
2023-06-22,14702.099609375,14871.7998046875,14683.0,14819.900390625,539300
2023-06-23,14550.2001953125,14715.849609375,14536.349609375,14706.599609375,410200
2023-06-26,14717.849609375,14745.650390625,14527.599609375,14563.0498046875,350100
2023-06-27,14729.900390625,14802.5498046875,14694.900390625,14764.599609375,366800
2023-06-28,14840.5498046875,14859.5498046875,14767.400390625,14798.9501953125,565000
2023-06-30,15147.650390625,15182.4501953125,14884.349609375,14892.4501953125,450000
2023-07-03,15106.849609375,15291.5498046875,15089.7998046875,15198.0498046875,419600
2023-07-04,15035.0498046875,15185.849609375,15010.099609375,15180.900390625,372700
2023-07-05,15281.900390625,15304.2001953125,15048.2001953125,15108.400390625,910500
2023-07-06,15453.7001953125,15471.0,15239.099609375,15290.2998046875,601300
2023-07-07,15498.849609375,15565.75,15374.5,15423.2001953125,618600
2023-07-10,15403.2001953125,15630.2001953125,15387.2001953125,15556.25,509700
2023-07-11,15617.4501953125,15630.4501953125,15456.4501953125,15486.5498046875,560200
2023-07-12,15614.900390625,15655.2001953125,15549.7998046875,15633.0,704400
2023-07-13,15519.7001953125,15761.2001953125,15460.7998046875,15685.099609375,716000
2023-07-14,15576.099609375,15605.900390625,15513.2998046875,15574.4501953125,401300
2023-07-17,15526.7998046875,15643.7998046875,15477.7001953125,15641.4501953125,458000
2023-07-18,15513.7998046875,15595.75,15443.0498046875,15558.349609375,373300
2023-07-19,15513.150390625,15559.2998046875,15454.849609375,15526.2998046875,312900
2023-07-20,15577.0,15589.900390625,15434.400390625,15544.4501953125,329800
2023-07-21,15590.349609375,15645.2998046875,15509.5498046875,15547.400390625,931500
2023-07-24,15617.5498046875,15715.650390625,15581.599609375,15614.2998046875,551300
2023-07-25,15765.599609375,15786.7001953125,15664.349609375,15689.150390625,628800
2023-07-26,15763.25,15912.150390625,15734.849609375,15820.849609375,602900
2023-07-27,15572.0,15713.900390625,15492.5498046875,15713.650390625,479200
2023-07-28,15537.900390625,15631.349609375,15466.900390625,15628.4501953125,555800
2023-07-31,15708.0498046875,15738.150390625,15512.900390625,15574.5498046875,384800
2023-08-01,15688.7001953125,15813.900390625,15638.7001953125,15720.9501953125,368000
2023-08-02,15428.900390625,15694.7998046875,15300.099609375,15688.75,580600
2023-08-03,15379.7998046875,15489.900390625,15316.0498046875,15406.4501953125,376800
2023-08-04,15328.400390625,15513.5498046875,15218.599609375,15469.599609375,406800
2023-08-07,15390.900390625,15441.599609375,15333.849609375,15404.599609375,379400
2023-08-08,15343.650390625,15452.599609375,15280.599609375,15430.849609375,374100
2023-08-09,15486.2001953125,15502.5498046875,15272.599609375,15381.75,490400
2023-08-10,15444.7998046875,15522.7998046875,15400.599609375,15492.5498046875,999000
2023-08-11,15378.099609375,15488.400390625,15355.75,15484.0,861600
2023-08-14,15327.4501953125,15371.900390625,15122.9501953125,15369.75,455400
2023-08-16,15425.0,15450.0,15218.900390625,15330.7001953125,0
2023-08-17,15399.25,15479.400390625,15339.75,15466.5498046875,422700
2023-08-18,15391.75,15436.150390625,15329.9501953125,15379.9501953125,363600
2023-08-21,15427.599609375,15456.150390625,15338.650390625,15395.0,335000
2023-08-22,15507.900390625,15533.0,15422.650390625,15445.849609375,316400
2023-08-23,15498.099609375,15553.349609375,15471.5,15539.7998046875,337000
2023-08-24,15459.2998046875,15581.849609375,15439.4501953125,15579.849609375,341800
2023-08-25,15363.599609375,15493.349609375,15293.900390625,15427.5,474000
2023-08-28,15475.25,15521.7998046875,15392.349609375,15402.0498046875,414700
2023-08-29,15578.900390625,15594.650390625,15472.650390625,15515.2998046875,387400
2023-08-30,15678.099609375,15732.2998046875,15623.7001953125,15654.2001953125,392800
2023-08-31,15670.25,15783.150390625,15643.5498046875,15712.2001953125,2337100
2023-09-01,15928.2998046875,15964.599609375,15667.400390625,15708.4501953125,413400
2023-09-04,15943.599609375,16040.400390625,15855.900390625,16039.599609375,508796800
2023-09-05,15942.75,16030.349609375,15919.0498046875,15966.4501953125,346400
2023-09-06,15921.25,15974.849609375,15842.7998046875,15973.5,314500
2023-09-07,15995.849609375,16014.75,15898.2001953125,15918.599609375,264300
2023-09-08,16102.900390625,16130.4501953125,15995.849609375,16056.9501953125,385100
2023-09-11,16374.9501953125,16386.5,16163.4501953125,16173.900390625,331000
2023-09-12,16070.0498046875,16428.349609375,15940.0498046875,16417.650390625,551900
2023-09-13,15995.9501953125,16112.9501953125,15926.2001953125,16081.25,330900
2023-09-14,16169.650390625,16193.400390625,16056.900390625,16065.4501953125,260000
2023-09-15,16425.80078125,16456.80078125,16241.5498046875,16249.0,511100
2023-09-18,16563.900390625,16647.05078125,16397.400390625,16451.80078125,409500
2023-09-20,16479.69921875,16628.94921875,16411.599609375,16495.19921875,349700
2023-09-21,16200.400390625,16516.55078125,16160.599609375,16468.94921875,331600
2023-09-22,16234.349609375,16301.2998046875,16129.0498046875,16214.0,319600
2023-09-25,16221.5498046875,16320.0498046875,16170.5,16267.0,353600
2023-09-26,16278.25,16325.25,16231.25,16241.5498046875,305700
2023-09-27,16283.400390625,16315.7998046875,16195.849609375,16281.9501953125,302000
2023-09-28,16092.2001953125,16327.0,16041.5,16308.25,403400
2023-09-29,16184.400390625,16261.900390625,16045.099609375,16146.849609375,354900
2023-10-03,15990.599609375,16316.0,15955.900390625,16315.349609375,344900
2023-10-04,15782.599609375,15952.599609375,15715.900390625,15952.25,325800
2023-10-05,15916.099609375,15960.7001953125,15785.900390625,15878.9501953125,302000
2023-10-06,15990.650390625,16039.7998046875,15966.400390625,16025.2001953125,218000
2023-10-09,15832.849609375,15958.7998046875,15801.849609375,15891.099609375,344800
2023-10-10,16028.7001953125,16059.2998046875,15877.0498046875,15892.25,386000
2023-10-11,16175.7998046875,16204.25,16085.2001953125,16088.9501953125,377400
2023-10-12,16301.7001953125,16327.400390625,16216.849609375,16232.900390625,266200
2023-10-13,16444.94921875,16468.0,16229.349609375,16231.25,514100
2023-10-16,16519.349609375,16551.900390625,16446.150390625,16460.05078125,434500
2023-10-17,16522.75,16618.44921875,16490.55078125,16585.69921875,279500
2023-10-18,16535.400390625,16592.94921875,16482.650390625,16544.05078125,353300
2023-10-19,16618.0,16645.69921875,16445.25,16458.0,308300
2023-10-20,16497.849609375,16664.849609375,16470.25,16579.44921875,305200
2023-10-23,16277.849609375,16538.099609375,16253.75,16450.849609375,370700
2023-10-25,16210.4501953125,16343.650390625,16082.4501953125,16297.5498046875,297600
2023-10-26,15953.0498046875,16155.7001953125,15928.599609375,16129.75,446700
2023-10-27,16169.150390625,16279.7998046875,16002.150390625,16002.25,286900
2023-10-30,16023.4501953125,16242.349609375,15831.7998046875,16215.650390625,328000
2023-10-31,15916.2001953125,16139.25,15899.25,16139.25,326900
2023-11-01,15835.650390625,16007.5,15807.9501953125,15952.0,265200
2023-11-02,15948.650390625,15977.900390625,15836.0,15948.0498046875,290900
2023-11-03,16045.400390625,16130.099609375,16015.099609375,16108.7001953125,415600
2023-11-06,16172.75,16185.650390625,16102.849609375,16156.9501953125,313000
2023-11-07,16143.75,16220.349609375,16116.599609375,16171.400390625,264700
2023-11-08,16220.7998046875,16235.9501953125,16166.0,16220.2001953125,260400
2023-11-09,16355.2998046875,16401.5,16229.650390625,16253.5498046875,468400
2023-11-10,16286.7001953125,16341.099609375,16185.5,16340.75,443500
2023-11-13,16365.2998046875,16387.19921875,16307.7998046875,16370.150390625,270400
2023-11-15,16648.5,16666.80078125,16421.75,16522.650390625,438700
2023-11-16,16788.900390625,16863.849609375,16632.30078125,16667.30078125,418300
2023-11-17,16905.5,16951.599609375,16798.900390625,16819.349609375,456100
2023-11-20,16777.30078125,16951.30078125,16730.099609375,16912.44921875,338500
2023-11-21,16860.099609375,16871.400390625,16758.30078125,16824.650390625,382500
2023-11-22,16972.19921875,16992.55078125,16767.650390625,16880.099609375,437000
2023-11-23,17033.55078125,17067.94921875,16993.75,17018.75,283900
2023-11-24,17040.349609375,17080.849609375,17014.099609375,17067.150390625,298300
2023-11-28,17202.75,17230.55078125,17047.099609375,17092.0,467600
2023-11-29,17482.44921875,17503.75,17244.25,17286.5,660700
2023-11-30,17551.849609375,17588.55078125,17436.69921875,17514.650390625,818100
2023-12-01,17489.05078125,17644.75,17462.05078125,17611.25,501400
2023-12-04,17687.25,17756.94921875,17530.94921875,17756.150390625,661900
2023-12-05,17792.099609375,17868.5,17681.599609375,17728.849609375,491000
2023-12-06,17788.400390625,17827.69921875,17672.94921875,17775.349609375,482300
2023-12-07,17867.349609375,18005.599609375,17757.400390625,17865.75,424300
2023-12-08,17769.099609375,17948.25,17663.30078125,17914.94921875,428600
2023-12-11,17852.30078125,17885.849609375,17711.650390625,17811.150390625,542400
2023-12-12,17726.5,17935.0,17630.650390625,17927.400390625,402400
2023-12-13,17917.900390625,17937.150390625,17699.650390625,17753.80078125,418200
2023-12-14,18045.05078125,18077.0,17926.599609375,17998.55078125,587500
2023-12-15,18038.25,18182.099609375,17843.25,18179.19921875,529100
2023-12-18,18068.25,18156.099609375,17969.75,18048.44921875,351500
2023-12-19,17932.69921875,18116.55078125,17905.099609375,18112.25,321300
2023-12-20,17523.55078125,18038.5,17479.900390625,18019.099609375,536700
2023-12-21,17537.849609375,17603.55078125,17294.349609375,17405.0,492600
2023-12-22,17778.900390625,17840.599609375,17566.849609375,17627.75,386100
2023-12-26,17953.55078125,17977.05078125,17806.900390625,17841.900390625,394400
2023-12-27,18224.849609375,18242.849609375,18009.75,18040.349609375,551700
2023-12-28,18408.599609375,18446.55078125,18234.75,18244.349609375,543500
2023-12-29,18618.19921875,18719.5,18417.849609375,18440.80078125,1582300
2024-01-02,18339.349609375,18664.349609375,18241.0,18651.349609375,805000
2024-01-03,18317.5,18395.44921875,18175.5,18361.30078125,496900
2024-01-04,18326.75,18428.94921875,18296.75,18428.94921875,590600
2024-01-05,18406.94921875,18514.75,18345.19921875,18378.44921875,565300
2024-01-08,18350.19921875,18556.75,18332.30078125,18490.650390625,607500
2024-01-09,18519.80078125,18606.150390625,18402.400390625,18542.44921875,649300
2024-01-10,18559.099609375,18575.099609375,18384.44921875,18565.599609375,552200
2024-01-11,18755.099609375,18826.900390625,18631.44921875,18648.5,678900
2024-01-12,18715.19921875,18798.75,18588.150390625,18771.0,488600
2024-01-15,18765.25,18799.400390625,18623.599609375,18796.650390625,484400
2024-01-16,18712.69921875,18865.849609375,18642.30078125,18749.099609375,470000
2024-01-17,18447.25,18620.0,18413.650390625,18537.0,497500
2024-01-18,18496.25,18528.44921875,18142.5,18402.5,529800
2024-01-19,18694.599609375,18708.349609375,18572.75,18585.05078125,362200
2024-01-23,18361.0,18763.0,18314.150390625,18649.599609375,633600
2024-01-24,18593.69921875,18632.150390625,18143.75,18384.599609375,482700
2024-01-25,18614.900390625,18709.099609375,18434.44921875,18707.75,766400
2024-01-29,18927.25,18949.599609375,18570.75,18631.0,626200
2024-01-30,18878.349609375,19123.69921875,18859.099609375,18993.650390625,498300
2024-01-31,19227.150390625,19257.099609375,18861.55078125,18887.150390625,615900
2024-02-01,19328.69921875,19559.55078125,19283.349609375,19351.849609375,559300
2024-02-02,19380.5,19563.05078125,19304.75,19364.0,551300
2024-02-05,19615.30078125,19823.349609375,19529.19921875,19655.849609375,1150900
2024-02-06,19903.849609375,19912.44921875,19683.900390625,19731.19921875,1024400
2024-02-07,19903.80078125,20033.599609375,19762.19921875,19977.75,544800
2024-02-08,19649.5,19974.55078125,19607.5,19963.25,424300
2024-02-09,19576.0,19713.349609375,19365.19921875,19709.75,448600
2024-02-12,19419.599609375,19653.150390625,19364.5,19644.0,537600
2024-02-13,19433.05078125,19554.0,19235.900390625,19504.94921875,571800
2024-02-14,19716.0,19770.80078125,19257.099609375,19300.5,430000
2024-02-15,19981.69921875,20029.099609375,19811.94921875,19842.650390625,378200
2024-02-16,20423.44921875,20515.05078125,20074.099609375,20093.650390625,488700
2024-02-20,20354.25,20480.400390625,20239.5,20459.349609375,415200
2024-02-21,20252.55078125,20494.099609375,20192.44921875,20372.0,621800
2024-02-22,20584.849609375,20621.94921875,20181.0,20341.150390625,393300
2024-02-23,20621.349609375,20711.0,20540.75,20692.80078125,400700
2024-02-26,20642.400390625,20714.44921875,20537.5,20633.44921875,407700
2024-02-27,20788.55078125,20825.849609375,20593.0,20633.400390625,434900
2024-02-28,20372.349609375,20830.400390625,20325.69921875,20808.400390625,664500
2024-02-29,20412.400390625,20481.75,20230.19921875,20317.80078125,792000
2024-03-01,20871.94921875,20918.25,20473.30078125,20485.75,507800
2024-03-04,20840.19921875,21040.349609375,20824.94921875,20998.849609375,506600
2024-03-05,21121.19921875,21348.94921875,20930.400390625,21003.099609375,1208500
2024-03-06,21181.30078125,21229.349609375,20888.80078125,21153.349609375,4946400
2024-03-07,21126.80078125,21247.55078125,21004.5,21141.400390625,646800
2024-03-11,21001.150390625,21219.849609375,20962.0,21213.400390625,572600
2024-03-12,20931.849609375,21077.05078125,20853.849609375,20999.30078125,446000
2024-03-13,20338.25,20988.55078125,20211.19921875,20942.25,789300
2024-03-14,20514.25,20569.25,20169.849609375,20235.05078125,653200
2024-03-15,20192.30078125,20523.349609375,20066.80078125,20475.599609375,803900
2024-03-18,20446.599609375,20462.69921875,20102.900390625,20189.849609375,477400
2024-03-19,20354.099609375,20449.80078125,20258.099609375,20398.44921875,457900
2024-03-20,20406.44921875,20618.099609375,20263.900390625,20438.44921875,456600
2024-03-21,20700.25,20750.400390625,20472.599609375,20541.75,610300
2024-03-22,21046.400390625,21177.400390625,20622.80078125,20706.400390625,524100
2024-03-26,21038.30078125,21177.94921875,20974.75,21018.5,509200
2024-03-27,21146.19921875,21324.75,21088.69921875,21118.400390625,413000
2024-03-28,21419.099609375,21607.80078125,21085.849609375,21222.5,511200
2024-04-01,21385.25,21630.55078125,21338.650390625,21546.94921875,470600
2024-04-02,21614.25,21641.19921875,21373.19921875,21494.19921875,698100
2024-04-03,21555.349609375,21629.55078125,21446.75,21555.650390625,397900
2024-04-04,21651.849609375,21719.0,21404.849609375,21672.69921875,471400
2024-04-05,21600.900390625,21651.349609375,21539.25,21597.849609375,364000
2024-04-08,22067.94921875,22102.05078125,21642.900390625,21662.150390625,473200
2024-04-09,21999.349609375,22238.25,21921.650390625,22185.80078125,320500
2024-04-10,21985.150390625,22148.849609375,21920.80078125,22081.44921875,404300
2024-04-12,21851.30078125,22076.19921875,21834.44921875,21985.80078125,696300
2024-04-15,21680.30078125,21818.849609375,21445.0,21623.599609375,484800
2024-04-16,21703.05078125,21845.099609375,21480.75,21536.900390625,607700
2024-04-18,21520.75,21948.5,21459.05078125,21790.75,986700
2024-04-19,21609.69921875,21637.099609375,21144.75,21483.30078125,574700
2024-04-22,21812.69921875,21854.19921875,21653.75,21846.05078125,636700
2024-04-23,21914.30078125,22006.25,21806.150390625,21897.94921875,392500
2024-04-24,21896.900390625,22023.400390625,21869.25,21963.80078125,357800
2024-04-25,22174.05078125,22221.599609375,21852.94921875,21938.400390625,464500
2024-04-26,22111.55078125,22286.55078125,22081.099609375,22219.30078125,1030200
2024-04-29,22078.75,22259.650390625,21990.900390625,22192.400390625,415200
2024-04-30,22479.900390625,22634.05078125,22181.099609375,22184.80078125,915500
2024-05-02,22733.5,22776.900390625,22478.150390625,22613.94921875,875400
2024-05-03,22541.349609375,22870.55078125,22342.599609375,22870.55078125,577500
2024-05-06,22526.599609375,22654.900390625,22394.349609375,22622.599609375,389700
2024-05-07,22114.0,22595.900390625,21996.650390625,22582.349609375,451900
2024-05-08,22458.650390625,22512.55078125,21959.30078125,22102.94921875,491900
2024-05-09,22633.30078125,22994.55078125,22492.599609375,22501.900390625,719100
2024-05-10,22846.900390625,22898.30078125,22672.30078125,22725.349609375,513200
2024-05-13,22462.650390625,22731.0,22127.900390625,22725.0,1088800
2024-05-14,22874.80078125,22894.69921875,22435.69921875,22476.80078125,553500
2024-05-15,22759.849609375,22946.05078125,22681.0,22930.599609375,494600
2024-05-16,22886.849609375,22943.80078125,22448.55078125,22892.099609375,715200
2024-05-17,23285.650390625,23386.94921875,23039.400390625,23045.650390625,552600
2024-05-21,23353.75,23422.05078125,23215.44921875,23322.94921875,603000
2024-05-22,23324.099609375,23400.25,23201.94921875,23380.900390625,517600
2024-05-23,23849.25,23874.75,23252.19921875,23368.55078125,622300
2024-05-24,23891.44921875,24038.599609375,23692.150390625,23774.150390625,958500
2024-05-27,23877.150390625,23996.69921875,23696.349609375,23972.400390625,1285400
2024-05-28,23814.25,23978.44921875,23763.400390625,23894.650390625,529800
2024-05-29,23757.94921875,23805.44921875,23566.05078125,23670.55078125,796600
2024-05-30,23471.0,23767.25,23392.150390625,23690.5,1404900
2024-05-31,23419.599609375,23733.650390625,23314.05078125,23613.400390625,1415100
2024-06-03,23992.69921875,24159.69921875,23874.900390625,24159.69921875,816200
2024-06-04,23193.30078125,24001.099609375,22026.30078125,24000.94921875,1419100
2024-06-05,24283.75,24347.900390625,23120.650390625,23374.150390625,893100
2024-06-06,24396.69921875,24463.30078125,24200.94921875,24367.80078125,742000
2024-06-07,25020.19921875,25043.349609375,24282.400390625,24317.75,710800
2024-06-10,25022.650390625,25260.05078125,24912.599609375,25100.5,846400
2024-06-11,25230.80078125,25342.19921875,25008.19921875,25075.25,574800
2024-06-12,25217.599609375,25407.150390625,25198.05078125,25296.650390625,595000
2024-06-13,25393.19921875,25482.30078125,25162.5,25482.30078125,469900
2024-06-14,25722.099609375,25774.69921875,25347.349609375,25437.80078125,667000
2024-06-18,25715.30078125,25991.44921875,25690.349609375,25844.69921875,903200
2024-06-19,25381.69921875,25824.349609375,25344.400390625,25809.849609375,812700
2024-06-20,25267.849609375,25498.400390625,25201.25,25432.099609375,675300
2024-06-21,25092.30078125,25437.349609375,25016.900390625,25344.80078125,711700
2024-06-24,25309.80078125,25350.849609375,24861.30078125,25033.94921875,567700
2024-06-25,25250.25,25505.75,25205.5,25363.650390625,632300
2024-06-26,25018.900390625,25293.80078125,24999.599609375,25260.5,569200
2024-06-27,25191.400390625,25249.55078125,24841.849609375,25025.650390625,978200
2024-06-28,25200.599609375,25339.150390625,25119.650390625,25160.55078125,633900
2024-07-01,25323.849609375,25417.900390625,25172.400390625,25173.650390625,0
2024-07-02,25130.849609375,25397.30078125,25039.150390625,25397.30078125,0
2024-07-03,25182.80078125,25273.30078125,25123.19921875,25252.0,0
2024-07-04,25366.44921875,25415.25,25242.55078125,25270.75,522200
2024-07-05,25398.30078125,25428.75,25226.44921875,25377.75,478100
2024-07-08,25260.5,25581.94921875,25230.80078125,25480.55078125,452000
2024-07-09,25823.55078125,25845.75,25338.349609375,25389.69921875,483400
2024-07-10,25302.80078125,25906.099609375,25094.099609375,25904.44921875,649000
2024-07-11,25257.25,25431.150390625,25228.900390625,25381.099609375,576400
2024-07-12,25145.44921875,25301.400390625,25102.400390625,25246.400390625,342700
2024-07-15,25419.80078125,25451.099609375,25191.150390625,25235.69921875,414700
2024-07-16,25482.900390625,25587.849609375,25430.94921875,25510.25,298200
2024-07-18,25576.69921875,25605.5,25162.69921875,25457.400390625,844300
2024-07-19,24963.349609375,25573.900390625,24931.25,25573.900390625,421500
2024-07-22,25250.75,25292.900390625,24689.80078125,24889.30078125,523800
2024-07-23,25321.69921875,25458.19921875,24473.80078125,25361.75,527300
2024-07-24,25309.05078125,25370.099609375,25193.05078125,25305.80078125,419400
2024-07-25,25627.349609375,25640.400390625,25147.349609375,25210.69921875,768600
2024-07-26,26250.69921875,26289.349609375,25601.69921875,25759.25,898300
2024-07-29,26426.55078125,26460.650390625,26261.80078125,26382.30078125,686900
2024-07-30,26580.94921875,26757.900390625,26386.099609375,26468.849609375,556000
2024-07-31,26685.25,26800.69921875,26516.349609375,26675.599609375,426800
2024-08-01,26487.44921875,26934.05078125,26357.44921875,26900.94921875,523000
2024-08-02,25714.44921875,26192.80078125,25678.349609375,26192.80078125,546600
2024-08-05,24706.5,25150.5,24509.25,25056.05078125,1453200
2024-08-06,24520.05078125,25309.19921875,24464.5,24909.05078125,809800
2024-08-07,24937.599609375,25028.19921875,24789.849609375,25001.5,458900
2024-08-08,24917.349609375,25111.150390625,24785.05078125,24947.80078125,530000
2024-08-09,25346.650390625,25445.0,25202.75,25272.900390625,501900
2024-08-12,25278.94921875,25345.099609375,25089.75,25267.150390625,401500
2024-08-13,25081.849609375,25362.349609375,25041.94921875,25330.44921875,541300
2024-08-14,25093.5,25235.849609375,25021.099609375,25169.80078125,554700
2024-08-16,25597.349609375,25635.44921875,25261.75,25344.80078125,462100
2024-08-19,25368.75,25732.099609375,25355.69921875,25732.099609375,484400
2024-08-20,25500.0,25538.44921875,25377.599609375,25480.75,493200
2024-08-21,25586.75,25597.650390625,25448.05078125,25520.55078125,318400
2024-08-22,25563.650390625,25681.5,25518.05078125,25658.44921875,305700
2024-08-23,25850.69921875,25929.05078125,25621.25,25630.80078125,525000
2024-08-26,25941.44921875,25995.75,25802.150390625,25913.5,330600
2024-08-27,25911.900390625,26026.80078125,25857.05078125,25960.69921875,387500
2024-08-28,25879.400390625,26055.599609375,25817.25,25963.25,281100
2024-08-29,26020.400390625,26117.94921875,25671.25,25858.400390625,695600
2024-08-30,26172.80078125,26245.599609375,25976.44921875,26083.30078125,627000
2024-09-02,26071.400390625,26289.349609375,25951.900390625,26289.349609375,328400
2024-09-03,26034.650390625,26141.75,26004.150390625,26140.849609375,316200
2024-09-04,25934.25,25988.55078125,25764.19921875,25869.400390625,309000
2024-09-05,25835.30078125,26016.94921875,25800.25,25987.69921875,386400
2024-09-06,25527.150390625,25893.150390625,25435.900390625,25817.650390625,323100
2024-09-09,25495.25,25523.599609375,25259.25,25499.599609375,293700
2024-09-10,25556.44921875,25627.150390625,25398.30078125,25539.5,301400
2024-09-11,25240.599609375,25456.80078125,25191.0,25406.400390625,707000
2024-09-12,25779.80078125,25818.44921875,25191.099609375,25342.55078125,572600
2024-09-13,25820.849609375,25870.69921875,25718.150390625,25832.400390625,592500
2024-09-16,25829.650390625,25915.55078125,25801.099609375,25865.80078125,393400
2024-09-17,25896.400390625,25942.900390625,25602.19921875,25903.349609375,1012600
2024-09-18,25804.44921875,26117.25,25746.349609375,25885.5,1219300
2024-09-19,25907.650390625,26105.0,25806.0,25934.849609375,700300
2024-09-20,26394.55078125,26452.05078125,25926.75,25960.5,853600
2024-09-23,26805.400390625,26825.55078125,26485.900390625,26491.25,568700
2024-09-24,26920.44921875,26966.94921875,26696.599609375,26700.80078125,495700
2024-09-25,26888.349609375,27108.44921875,26714.80078125,26872.5,425100
2024-09-26,27496.25,27526.349609375,26839.30078125,26885.44921875,1024500
2024-09-27,27610.75,27696.099609375,27382.650390625,27477.69921875,640400
2024-09-30,27027.19921875,27534.900390625,26971.05078125,27474.30078125,526600
2024-10-01,27083.44921875,27228.099609375,26971.650390625,27099.80078125,417300
2024-10-03,26302.099609375,26806.19921875,26261.55078125,26479.5,634400
2024-10-04,25926.30078125,26449.25,25850.400390625,26294.25,595000
2024-10-07,25807.150390625,26079.94921875,25544.80078125,26042.599609375,498200
2024-10-08,26236.099609375,26293.599609375,25612.44921875,25731.849609375,542800
2024-10-09,26450.25,26673.400390625,26271.0,26314.099609375,547600
2024-10-10,26528.5,26764.150390625,26392.150390625,26492.0,635800
2024-10-11,26436.599609375,26610.900390625,26381.0,26583.25,350300
2024-10-14,26463.55078125,26569.400390625,26428.05078125,26501.150390625,306300
2024-10-15,26242.599609375,26626.099609375,26028.80078125,26619.0,389600
2024-10-16,25909.0,26197.25,25783.25,26178.25,365700
2024-10-17,24991.19921875,25820.5,24959.849609375,25792.150390625,555500
2024-10-18,25146.900390625,25247.80078125,24699.349609375,24907.94921875,400400
2024-10-21,25251.849609375,25359.55078125,24777.599609375,25161.55078125,352800
2024-10-22,24627.25,25316.44921875,24583.94921875,25297.44921875,490200
2024-10-23,24451.30078125,24873.80078125,24388.0,24593.5,471300
2024-10-24,24324.849609375,24555.44921875,24257.44921875,24432.900390625,646400
2024-10-25,23799.30078125,24378.150390625,23519.80078125,24360.94921875,464200
2024-10-28,23964.44921875,24224.05078125,23664.5,23807.05078125,355400
2024-10-29,23588.599609375,24048.650390625,23264.30078125,23941.650390625,611500
2024-10-30,23594.0,23855.150390625,23423.900390625,23430.599609375,473300
2024-10-31,23514.69921875,23625.30078125,23401.849609375,23606.650390625,434600
2024-11-01,23805.599609375,23869.75,23765.900390625,23792.69921875,76300
2024-11-04,23573.19921875,24068.900390625,23258.150390625,23883.75,598100
2024-11-05,23839.599609375,23891.150390625,23462.44921875,23553.150390625,408100
2024-11-06,24137.900390625,24181.5,23835.849609375,23960.69921875,368500
2024-11-07,23812.5,24243.80078125,23696.05078125,24236.94921875,457100
2024-11-08,23805.19921875,23900.599609375,23536.05078125,23855.55078125,574900
2024-11-11,23729.44921875,24077.099609375,23618.30078125,23740.19921875,676800
2024-11-12,23269.099609375,23865.599609375,23183.75,23744.69921875,617500
2024-11-13,22765.19921875,23220.0,22691.5,23207.69921875,802800
2024-11-14,22914.5,23036.150390625,22659.05078125,22831.55078125,521900
2024-11-18,23043.849609375,23261.849609375,22854.55078125,23044.75,444900
2024-11-19,23359.5,23713.19921875,23051.599609375,23052.55078125,467100
2024-11-21,23145.900390625,23328.5,23072.650390625,23321.349609375,442900
2024-11-22,23554.099609375,23686.349609375,23089.05078125,23208.80078125,387200
2024-11-25,23716.44921875,24111.94921875,23648.650390625,23914.55078125,1025600
2024-11-26,23413.0,23800.150390625,23326.80078125,23762.55078125,309200
2024-11-27,23517.349609375,23639.0,23419.400390625,23515.80078125,377200
2024-11-28,23134.69921875,23549.69921875,23091.80078125,23509.25,495200
2024-11-29,23368.55078125,23446.5,23128.900390625,23169.19921875,407400
2024-12-02,23599.599609375,23615.44921875,23353.75,23433.0,398200
2024-12-03,23752.400390625,23775.44921875,23580.75,23692.75,402300
2024-12-04,23584.0,23850.75,23466.75,23746.19921875,584700
2024-12-05,23736.25,23853.75,23438.55078125,23691.099609375,527300
2024-12-06,23960.25,23982.5,23722.849609375,23799.75,839400
2024-12-09,23775.05078125,23986.05078125,23750.599609375,23948.5,482900
2024-12-10,23767.05078125,23838.0,23635.400390625,23806.80078125,449700
2024-12-11,23851.849609375,23947.19921875,23757.099609375,23779.5,304900
2024-12-12,23660.30078125,23908.099609375,23615.30078125,23891.80078125,323500
2024-12-13,23773.099609375,23803.75,23292.099609375,23617.75,385800
2024-12-16,23790.5,23823.349609375,23628.25,23805.05078125,403300
2024-12-17,23417.80078125,23834.0,23361.650390625,23705.099609375,426200
2024-12-18,23241.25,23423.55078125,23208.599609375,23319.599609375,508700
2024-12-19,23070.900390625,23166.650390625,22862.400390625,22911.75,490500
2024-12-20,22580.0,23236.599609375,22531.650390625,23070.44921875,568100
2024-12-23,22557.75,22765.55078125,22488.30078125,22699.94921875,274200
2024-12-24,22685.55078125,22810.19921875,22510.599609375,22565.44921875,271400
2024-12-26,22876.099609375,22947.80078125,22709.849609375,22709.849609375,337600
2024-12-27,23099.05078125,23461.94921875,22952.599609375,22960.599609375,341100
2024-12-30,22768.25,23100.80078125,22695.75,23072.25,746000
2024-12-31,22834.0,22899.80078125,22641.0,22713.599609375,263000
2025-01-02,24016.19921875,24051.80078125,23155.19921875,23255.25,626400
2025-01-03,24005.0,24173.25,23899.75,24058.94921875,547100
2025-01-06,23482.19921875,24169.69921875,23365.599609375,24087.44921875,407900
2025-01-07,23482.099609375,23634.349609375,23426.0,23513.94921875,334900
2025-01-08,23370.150390625,23549.650390625,23191.599609375,23543.900390625,382800
2025-01-09,23305.19921875,23552.75,23240.0,23457.44921875,398500
2025-01-10,23017.75,23345.849609375,22896.05078125,23262.30078125,403800
2025-01-13,22382.25,22842.44921875,22351.0,22789.69921875,421700
2025-01-14,22833.05078125,22935.849609375,22415.94921875,22416.5,308000
2025-01-15,22712.75,23063.69921875,22602.650390625,22929.55078125,313700
2025-01-16,22861.25,22934.75,22758.150390625,22866.80078125,291800
2025-01-17,22791.099609375,22941.69921875,22651.599609375,22835.25,211500
2025-01-20,22671.80078125,22853.0,22511.75,22805.75,322000
2025-01-21,22303.19921875,22881.94921875,22261.900390625,22727.69921875,327900
2025-01-22,22274.349609375,22428.69921875,22121.400390625,22409.75,455800
2025-01-23,22518.94921875,22587.400390625,22166.150390625,22245.80078125,254700
2025-01-24,22171.05078125,22589.05078125,22120.05078125,22463.94921875,394300
2025-01-27,21970.44921875,22081.25,21835.599609375,22055.150390625,409900
2025-01-28,22264.150390625,22506.599609375,21867.80078125,22061.19921875,608200
2025-01-29,22586.349609375,22707.55078125,22269.94921875,22299.0,360700
2025-01-30,22495.69921875,22683.849609375,22259.099609375,22420.30078125,892900
2025-01-31,22867.599609375,22951.400390625,22490.30078125,22552.099609375,421400
2025-02-03,23327.0,23370.900390625,23096.099609375,23299.75,932800
2025-02-04,23535.05078125,23800.900390625,23366.900390625,23607.5,864300
2025-02-05,23517.099609375,23646.30078125,23410.5,23551.25,417800
2025-02-06,23298.849609375,23587.849609375,23264.150390625,23548.25,268500
2025-02-07,23459.94921875,23545.19921875,23193.349609375,23407.44921875,353600
2025-02-10,23112.650390625,23636.30078125,23082.19921875,23525.849609375,258200
2025-02-11,22573.900390625,23068.150390625,22531.099609375,23053.80078125,472600
2025-02-12,22407.44921875,22573.150390625,22099.05078125,22544.19921875,933300
2025-02-13,22344.30078125,22594.650390625,22285.099609375,22483.25,699200
2025-02-14,22069.30078125,22487.5,21874.55078125,22428.25,507200
2025-02-17,21951.849609375,22012.94921875,21610.150390625,22012.80078125,879700
2025-02-18,21818.900390625,21997.05078125,21638.55078125,21973.69921875,533300
2025-02-19,21809.150390625,21898.05078125,21597.099609375,21683.650390625,439000
2025-02-20,22074.900390625,22092.80078125,21562.80078125,21751.349609375,399100
2025-02-21,21505.900390625,22010.849609375,21435.5,21973.94921875,494800
2025-02-24,21552.5,21597.349609375,21291.30078125,21409.94921875,352800
2025-02-25,21662.650390625,21757.099609375,21585.900390625,21616.05078125,495100
2025-02-27,21335.349609375,21786.30078125,21243.5,21766.94921875,523800
2025-02-28,20498.599609375,21188.19921875,20460.099609375,21180.80078125,928700
2025-03-03,20538.150390625,20865.849609375,20368.849609375,20591.5,542900
2025-03-04,20269.19921875,20462.80078125,20174.849609375,20295.80078125,493900
2025-03-05,20796.75,20848.400390625,20327.05078125,20354.80078125,444000
2025-03-06,20959.69921875,21068.75,20733.400390625,21030.69921875,595500
2025-03-07,21009.69921875,21197.0,20846.0,20925.75,348000
2025-03-10,20752.80078125,21023.94921875,20706.30078125,20946.400390625,327000
2025-03-11,20682.650390625,20733.44921875,20480.75,20616.900390625,534300
2025-03-12,20783.69921875,20836.19921875,20590.80078125,20713.55078125,518600
2025-03-13,20554.05078125,20883.150390625,20530.400390625,20862.900390625,409600
2025-03-17,20741.150390625,20926.349609375,20538.05078125,20539.0,365900
2025-03-18,21234.94921875,21251.30078125,20836.05078125,20859.19921875,372300
2025-03-19,21319.5,21398.25,21194.150390625,21305.55078125,347300
2025-03-20,21623.05078125,21672.30078125,21368.25,21444.30078125,309500
2025-03-21,21756.0,21993.94921875,21667.349609375,21720.94921875,551000
2025-03-24,21938.69921875,21987.099609375,21665.19921875,21891.099609375,372300
2025-03-25,21737.599609375,22092.400390625,21683.099609375,22050.900390625,440400
2025-03-26,21742.80078125,21924.599609375,21704.80078125,21776.099609375,684400
2025-03-27,21516.75,21611.94921875,21216.400390625,21445.650390625,1163100
2025-03-28,21295.5,21577.19921875,21200.75,21570.19921875,592700
2025-04-01,21235.25,21543.80078125,21100.19921875,21177.0,360800
2025-04-02,21408.849609375,21433.44921875,21175.849609375,21250.849609375,291700
2025-04-03,21164.0,21320.30078125,21095.0,21140.19921875,511700
2025-04-04,20593.150390625,21081.05078125,20507.55078125,21081.05078125,880700
2025-04-07,19815.55078125,19893.69921875,19316.650390625,19336.150390625,1049800
2025-04-08,20138.150390625,20307.30078125,19805.25,20141.650390625,614400
2025-04-09,20140.400390625,20326.94921875,20034.650390625,20188.30078125,461900
2025-04-11,20548.650390625,20637.94921875,20432.30078125,20493.05078125,592900
2025-04-15,21246.19921875,21276.30078125,20929.75,21023.94921875,972200
2025-04-16,21155.80078125,21283.099609375,21058.599609375,21280.349609375,408400
2025-04-17,21373.099609375,21414.599609375,20953.099609375,21152.0,406500
2025-04-21,21826.0,21848.150390625,21272.150390625,21463.44921875,376200
2025-04-22,21903.69921875,21957.69921875,21729.80078125,21837.05078125,403100
2025-04-23,22424.44921875,22456.900390625,21947.05078125,21999.94921875,657100
2025-04-24,22367.55078125,22492.80078125,22286.849609375,22426.900390625,497800
2025-04-25,21994.5,22541.900390625,21885.19921875,22385.30078125,558800
2025-04-28,22352.94921875,22427.150390625,21919.94921875,22003.44921875,331600
2025-04-29,22299.05078125,22584.099609375,22216.55078125,22442.650390625,602500
2025-04-30,22308.400390625,22389.25,22091.150390625,22306.150390625,564800
2025-05-02,22286.5,22687.94921875,22198.349609375,22323.25,425900
2025-05-05,22699.19921875,22732.44921875,22366.30078125,22443.19921875,327400
2025-05-06,22737.599609375,23092.650390625,22668.650390625,22964.94921875,393300
2025-05-07,23114.099609375,23135.5,22435.30078125,22436.75,716400
2025-05-08,22674.150390625,23242.099609375,22560.19921875,23213.849609375,836900
2025-05-09,22627.80078125,22804.75,22220.69921875,22241.44921875,773900
2025-05-12,23400.44921875,23427.349609375,23066.400390625,23135.900390625,578600
2025-05-13,23167.25,23500.150390625,23046.94921875,23293.05078125,396500
2025-05-14,23356.849609375,23390.80078125,22947.650390625,23088.599609375,567100
2025-05-15,23804.849609375,23880.5,23261.849609375,23356.650390625,572100
2025-05-16,23953.150390625,24009.75,23777.55078125,23833.80078125,466800
2025-05-19,24052.599609375,24174.150390625,23933.150390625,23943.44921875,393000
2025-05-20,23531.19921875,24138.69921875,23495.55078125,24111.5,519600
2025-05-21,23700.099609375,23914.75,23503.94921875,23580.400390625,324200
2025-05-22,23459.900390625,23643.75,23291.400390625,23629.849609375,371300
2025-05-23,23515.25,23595.19921875,23423.44921875,23528.05078125,410900
2025-05-26,23763.150390625,23839.849609375,23551.25,23574.400390625,555800
2025-05-27,23596.900390625,23795.25,23477.400390625,23785.5,544200
2025-05-28,23437.05078125,23639.30078125,23411.900390625,23639.30078125,368500
2025-05-29,23555.75,23607.900390625,23417.25,23529.099609375,581400
2025-05-30,23325.599609375,23590.19921875,23291.05078125,23547.55078125,915200
2025-06-02,23327.05078125,23373.400390625,23147.19921875,23274.099609375,403500
2025-06-03,23268.69921875,23475.75,23204.900390625,23399.80078125,330500
2025-06-04,23332.599609375,23455.05078125,23250.0,23264.5,389700
2025-06-05,23306.19921875,23461.55078125,23169.69921875,23461.55078125,397000
2025-06-06,23661.30078125,23677.69921875,23208.099609375,23343.05078125,454900
2025-06-09,23777.150390625,23882.80078125,23698.599609375,23789.80078125,381900
2025-06-10,23759.0,23872.19921875,23743.19921875,23869.75,416500
2025-06-11,23805.19921875,23984.69921875,23774.0,23797.5,370700
2025-06-12,23411.80078125,23857.55078125,23341.44921875,23838.150390625,330500
2025-06-13,23327.400390625,23365.150390625,22915.650390625,22941.80078125,288900
2025-06-16,23368.25,23425.25,23074.25,23302.69921875,504500
2025-06-17,23227.30078125,23416.80078125,23176.69921875,23407.55078125,388500
2025-06-18,23312.349609375,23564.94921875,23130.05078125,23208.94921875,330000
2025-06-19,23434.650390625,23496.25,23299.599609375,23305.5,336500
2025-06-20,23679.349609375,23720.25,23403.69921875,23462.94921875,556000
2025-06-23,23461.150390625,23615.19921875,23360.849609375,23526.0,391000
2025-06-24,23598.25,23885.30078125,23572.349609375,23670.94921875,449600
2025-06-25,23827.80078125,23848.80078125,23668.099609375,23725.05078125,375900
2025-06-26,23961.69921875,23979.25,23768.900390625,23883.099609375,424600
2025-06-27,24007.94921875,24142.69921875,23937.900390625,23994.25,463900
2025-06-30,23872.55078125,24101.94921875,23824.19921875,24074.80078125,248300
2025-07-01,23824.0,23994.25,23745.80078125,23927.19921875,252800
2025-07-02,23899.849609375,23962.599609375,23786.05078125,23799.5,279500
2025-07-03,24004.94921875,24202.30078125,23933.599609375,23946.849609375,327900
2025-07-04,23980.400390625,24021.30078125,23850.849609375,23989.80078125,174100
2025-07-07,23943.900390625,24012.650390625,23896.900390625,23969.5,210100
2025-07-08,23852.900390625,23994.5,23681.30078125,23958.69921875,277400
2025-07-09,23944.400390625,23988.75,23790.400390625,23807.0,280900
2025-07-10,23916.849609375,24002.30078125,23807.25,23966.30078125,307900
2025-07-11,23493.80078125,23894.400390625,23433.30078125,23866.80078125,303600
2025-07-14,23552.0,23598.25,23447.80078125,23518.5,398100
2025-07-15,23905.25,23951.849609375,23576.05078125,23588.849609375,434400
2025-07-16,24011.150390625,24041.19921875,23654.05078125,23910.099609375,352800
2025-07-17,24002.5,24157.0,23954.0,24003.25,592000
2025-07-18,23894.349609375,24182.25,23874.19921875,24050.44921875,355600
2025-07-21,24055.0,24075.94921875,23725.099609375,23866.80078125,413100
2025-07-22,23875.849609375,24090.25,23826.900390625,24067.650390625,371100
2025-07-23,24079.400390625,24157.19921875,23928.19921875,23935.55078125,446000
2025-07-24,24087.30078125,24226.400390625,24051.150390625,24070.599609375,668600
2025-07-25,23781.55078125,24078.0,23675.900390625,24064.69921875,355800
2025-07-28,23693.0,23981.599609375,23670.900390625,23777.69921875,415800
2025-07-29,23888.349609375,23936.900390625,23620.900390625,23663.0,252800
2025-07-30,23745.80078125,23867.0,23580.349609375,23855.849609375,499100
2025-07-31,23655.849609375,23794.099609375,23397.94921875,23593.19921875,655200
2025-08-01,23410.94921875,23737.19921875,23378.900390625,23684.849609375,442000
2025-08-04,23787.5,23800.25,23416.05078125,23457.25,373900
2025-08-05,23876.30078125,23903.900390625,23669.69921875,23806.30078125,324800
2025-08-06,23748.849609375,23927.849609375,23662.5,23902.400390625,308400
2025-08-07,23808.099609375,23839.55078125,23453.55078125,23620.0,597700
2025-08-08,23474.650390625,23890.80078125,23439.05078125,23810.30078125,380700
2025-08-11,23723.75,23792.75,23440.19921875,23526.599609375,579400
2025-08-12,23856.599609375,24011.69921875,23732.44921875,23741.099609375,309100
2025-08-13,24122.650390625,24190.05078125,23913.349609375,23946.25,477500
2025-08-14,24118.80078125,24233.349609375,24034.099609375,24136.30078125,463200
2025-08-18,25127.19921875,25281.94921875,24782.30078125,24804.650390625,1310500
2025-08-19,25456.69921875,25486.30078125,25031.19921875,25172.5,1040400
2025-08-20,25469.25,25518.900390625,25412.55078125,25516.400390625,572600
2025-08-21,25377.5,25562.5,25322.30078125,25559.69921875,491900
2025-08-22,25329.44921875,25464.80078125,25291.55078125,25409.05078125,362800
2025-08-25,25423.400390625,25469.69921875,25244.650390625,25458.650390625,302100
2025-08-26,25320.30078125,25521.69921875,25226.44921875,25396.69921875,1053200
2025-08-28,25183.5,25589.5,25163.44921875,25589.5,423800
2025-08-29,24960.849609375,25197.5,24891.75,25142.599609375,591900
2025-09-01,25660.0,25685.400390625,24998.650390625,24998.650390625,647300
2025-09-02,25584.94921875,25807.849609375,25529.900390625,25710.80078125,477900
2025-09-03,25775.44921875,25796.0,25535.150390625,25701.650390625,425800
2025-09-04,25994.849609375,26729.650390625,25964.150390625,26700.25,653200
2025-09-05,26320.599609375,26382.30078125,26080.099609375,26147.650390625,577300
2025-09-08,27189.19921875,27266.44921875,26440.0,26440.0,1276400
2025-09-09,27182.5,27300.75,27073.44921875,27199.44921875,568900
2025-09-10,26833.94921875,27330.5,26756.75,27269.80078125,781600
2025-09-11,26744.44921875,26926.099609375,26676.849609375,26869.75,482600
2025-09-12,26866.650390625,27083.25,26784.599609375,26796.0,831900
2025-09-15,26760.650390625,27011.30078125,26737.19921875,26915.05078125,687900
2025-09-16,27146.400390625,27191.19921875,26818.150390625,26849.349609375,713000
2025-09-17,27294.650390625,27343.19921875,27138.400390625,27185.19921875,649900
2025-09-18,27329.349609375,27418.0,27179.44921875,27388.69921875,512200
2025-09-19,27219.55078125,27367.80078125,27195.05078125,27319.44921875,665900
2025-09-22,27154.30078125,27386.05078125,27105.349609375,27256.05078125,462600
2025-09-23,27321.94921875,27725.75,27284.75,27355.400390625,1015000
2025-09-24,27007.599609375,27326.900390625,26990.75,27319.5,825400
2025-09-25,26758.5,26975.150390625,26718.349609375,26951.650390625,585400
2025-09-26,26484.55078125,26861.44921875,26463.69921875,26694.69921875,705700
2025-09-29,26436.55078125,26677.19921875,26393.05078125,26612.400390625,815500
2025-09-30,26542.349609375,26591.650390625,26328.05078125,26451.650390625,611600
2025-10-01,26768.650390625,26810.150390625,26538.75,26556.849609375,571300
2025-10-03,26753.099609375,26869.650390625,26488.30078125,26771.25,606300
2025-10-06,26857.19921875,26886.75,26559.75,26778.19921875,361600
2025-10-07,26933.55078125,27087.349609375,26825.5,26856.400390625,486200
2025-10-08,26522.400390625,27046.94921875,26487.5,26950.69921875,458400
2025-10-09,26587.0,26640.0,26365.650390625,26601.0,452200
2025-10-10,26721.19921875,26801.349609375,26468.05078125,26574.599609375,451400
2025-10-13,26698.150390625,26824.599609375,26592.05078125,26662.05078125,624000
2025-10-14,26640.55078125,26760.349609375,26495.94921875,26749.900390625,984000
2025-10-15,26708.650390625,26809.19921875,26618.44921875,26706.150390625,567200
2025-10-16,27048.75,27109.599609375,26756.75,26782.150390625,636900
2025-10-17,27228.599609375,27300.69921875,27033.55078125,27045.30078125,556200
2025-10-20,27185.44921875,27403.900390625,27165.05078125,27375.80078125,300800
2025-10-21,27229.849609375,27325.69921875,27156.05078125,27285.400390625,88900
2025-10-23,27218.75,27480.75,27170.05078125,27479.19921875,717000
2025-10-24,27108.69921875,27309.599609375,27018.650390625,27262.05078125,312500
2025-10-27,27263.650390625,27279.650390625,27128.30078125,27179.69921875,425400
2025-10-28,27148.349609375,27412.650390625,27065.349609375,27277.349609375,554100
2025-10-29,26948.900390625,27196.5,26890.150390625,27195.69921875,385800
2025-10-30,26829.55078125,27036.55078125,26795.69921875,27010.400390625,400300
2025-10-31,26809.849609375,27115.5,26774.400390625,26885.099609375,391600
2025-11-03,26841.80078125,26991.400390625,26710.30078125,26849.849609375,37300
2025-11-04,26610.05078125,26826.80078125,26583.599609375,26822.94921875,399300
2025-11-06,26626.5,26897.099609375,26555.599609375,26754.599609375,464000
2025-11-07,26779.55078125,26850.349609375,26285.349609375,26594.69921875,277800
2025-11-10,26859.849609375,26954.05078125,26722.0,26772.30078125,405100
2025-11-11,27148.25,27174.400390625,26735.80078125,26990.599609375,567900
2025-11-12,27485.150390625,27554.19921875,27137.80078125,27226.80078125,724700
2025-11-13,27382.80078125,27526.599609375,27327.19921875,27443.25,1189100
2025-11-14,27239.80078125,27444.5,27078.400390625,27321.349609375,1189500
2025-11-17,27472.650390625,27519.05078125,27116.05078125,27258.19921875,663400
2025-11-18,27368.25,27502.099609375,27292.5,27483.150390625,478600
2025-11-19,27434.44921875,27521.05078125,27270.55078125,27386.0,707800
2025-11-20,27554.0,27625.0,27441.150390625,27564.849609375,486400
2025-11-21,27537.849609375,27720.099609375,27488.900390625,27552.80078125,439400
2025-11-24,27442.19921875,27594.75,27391.599609375,27547.900390625,1040100
2025-11-25,27378.69921875,27520.94921875,27335.55078125,27444.94921875,543600
2025-11-26,27696.400390625,27742.400390625,27418.05078125,27458.349609375,504800
2025-11-27,27603.650390625,27832.599609375,27527.44921875,27782.900390625,1492000
2025-11-28,27774.599609375,27830.150390625,27562.650390625,27627.94921875,695400
2025-12-01,27993.0,28075.650390625,27853.849609375,27929.30078125,603300
2025-12-02,27979.5,28099.650390625,27908.150390625,27959.650390625,868400
2025-12-03,27643.80078125,28021.150390625,27581.19921875,28014.5,625800
2025-12-04,27732.69921875,27866.19921875,27581.099609375,27703.400390625,431900
2025-12-05,27939.099609375,27957.0,27663.30078125,27706.19921875,321300
2025-12-08,27596.80078125,27960.05078125,27503.80078125,27914.0,332800
2025-12-09,27399.25,27546.849609375,27116.5,27472.19921875,465800
2025-12-10,27358.25,27632.650390625,27313.150390625,27506.849609375,346700
2025-12-11,27661.0,27683.94921875,27307.80078125,27357.69921875,557300
2025-12-12,27820.849609375,27852.44921875,27683.94921875,27687.849609375,426200
2025-12-15,27568.099609375,27769.0,27477.849609375,27706.05078125,390200
2025-12-16,27542.19921875,27605.30078125,27447.80078125,27500.30078125,356700
2025-12-17,27489.25,27689.400390625,27438.30078125,27620.0,264000
2025-12-18,27321.900390625,27475.75,27013.75,27459.19921875,593200
2025-12-19,27657.25,27691.80078125,27280.400390625,27280.400390625,1213600
2025-12-22,27885.30078125,27896.400390625,27661.900390625,27722.900390625,463600
2025-12-23,27892.05078125,27962.599609375,27778.25,27962.599609375,349000
2025-12-24,27885.650390625,27992.05078125,27814.400390625,27915.0,296400
2025-12-26,27739.849609375,27959.25,27683.30078125,27881.0,305000
2025-12-29,27592.5,27833.650390625,27561.650390625,27738.900390625,361300
2025-12-30,27889.650390625,27991.80078125,27516.849609375,27595.05078125,959200
2025-12-31,28189.599609375,28226.75,27858.650390625,27901.94921875,352900
2026-01-02,28803.650390625,28867.05078125,28486.55078125,28548.25,605400
2026-01-05,28894.150390625,29179.099609375,28806.94921875,28869.650390625,498600
2026-01-06,28922.349609375,28997.30078125,28812.55078125,28923.44921875,515100
2026-01-07,28692.400390625,28938.650390625,28501.099609375,28919.94921875,339100
2026-01-08,28414.94921875,28662.0,28357.599609375,28639.25,378100
2026-01-09,28087.650390625,28516.0,28034.849609375,28380.0,513600
2026-01-12,28011.75,28165.55078125,27492.650390625,28055.44921875,399500
2026-01-13,27915.099609375,28159.55078125,27694.599609375,28154.349609375,332100
2026-01-14,27721.849609375,27932.349609375,27635.69921875,27893.80078125,314300
2026-01-16,27596.25,27977.150390625,27516.25,27642.44921875,587900
2026-01-19,27632.44921875,27709.5,27418.150390625,27615.55078125,585300
2026-01-20,26948.099609375,27751.150390625,26850.05078125,27635.69921875,508500
2026-01-21,26871.25,27107.099609375,26602.94921875,26777.599609375,544900
2026-01-22,27110.19921875,27453.349609375,26954.650390625,27153.849609375,487900
2026-01-23,26804.55078125,27230.849609375,26766.69921875,27171.05078125,589300
2026-01-27,26554.0,26728.80078125,26218.30078125,26619.05078125,648600
2026-01-28,26737.599609375,26781.69921875,26236.69921875,26530.349609375,571000
2026-01-29,26555.400390625,26775.349609375,26170.44921875,26763.0,522100
2026-01-30,26750.349609375,26812.150390625,26253.55078125,26287.30078125,510300
2026-02-02,26749.150390625,26784.69921875,26006.69921875,26177.69921875,526000
2026-02-03,27500.30078125,28095.849609375,27271.80078125,28088.099609375,1020500
2026-02-04,27825.400390625,27932.400390625,27427.400390625,27565.599609375,549000
2026-02-05,27664.5,27882.94921875,27463.75,27880.25,455300
2026-02-06,27519.55078125,27643.44921875,27307.55078125,27602.55078125,582700
2026-02-09,27791.44921875,27819.75,27479.05078125,27673.94921875,478800
2026-02-10,28173.19921875,28279.849609375,27771.099609375,27866.25,845500
2026-02-11,28538.69921875,28811.25,28296.19921875,28351.900390625,1372700
2026-02-12,28504.05078125,28615.05078125,28360.099609375,28607.150390625,925600
2026-02-13,28234.30078125,28503.150390625,28161.25,28305.55078125,712400
2026-02-16,28028.19921875,28308.05078125,27928.30078125,28204.150390625,336100
2026-02-17,28174.55078125,28197.900390625,27866.599609375,27991.349609375,398300
2026-02-18,28327.599609375,28376.80078125,28085.599609375,28202.650390625,325500
2026-02-19,27734.0,28496.849609375,27670.44921875,28348.80078125,412300
2026-02-20,27846.80078125,27933.849609375,27617.44921875,27734.69921875,408300
2026-02-23,28077.0,28159.30078125,27913.94921875,27974.05078125,382100
2026-02-24,27950.0,27991.94921875,27772.94921875,27932.5,426900
2026-02-25,28466.5,28574.25,27917.5,27969.150390625,435400
2026-02-26,28693.400390625,28719.599609375,28459.44921875,28556.849609375,408300
2026-02-27,28158.849609375,28687.0,28094.25,28623.19921875,639000
2026-03-02,27540.099609375,27951.849609375,27133.55078125,27196.400390625,651600
2026-03-04,26867.150390625,27012.55078125,26607.19921875,26979.400390625,740600
2026-03-05,27366.80078125,27471.44921875,26909.80078125,27053.5,612700
2026-03-06,27076.400390625,27321.05078125,27042.400390625,27247.19921875,486000
2026-03-09,25965.94921875,26478.44921875,25733.5,26478.44921875,640900
2026-03-10,26770.55078125,26840.69921875,26200.400390625,26462.75,605200
2026-03-11,25926.0,26851.650390625,25875.19921875,26761.75,693900
2026-03-12,25098.0,25721.30078125,25046.0,25688.30078125,927900
2026-03-13,24195.099609375,24918.25,24100.599609375,24784.19921875,861300
2026-03-16,24599.099609375,24718.75,23863.400390625,24085.94921875,625000
2026-03-17,25117.099609375,25195.44921875,24518.69921875,24703.900390625,584800
2026-03-18,25598.849609375,25703.69921875,25250.80078125,25262.25,478700
2026-03-19,24509.900390625,25093.150390625,24380.55078125,25078.80078125,568700
2026-03-20,24715.900390625,24955.55078125,24611.30078125,24635.75,842300
2026-03-23,23934.75,24433.44921875,23865.650390625,24433.44921875,670900
2026-03-24,24515.25,24728.30078125,24055.44921875,24458.44921875,681100
2026-03-25,25058.599609375,25267.94921875,24814.5,24875.55078125,525400
2026-03-27,24351.94921875,24847.69921875,24301.400390625,24834.25,819000
2026-03-30,23769.599609375,24193.099609375,23708.19921875,23969.099609375,1149800
2026-04-01,24238.849609375,24646.5,24132.400390625,24557.400390625,1366800
2026-04-02,24089.650390625,24171.19921875,23560.099609375,23929.05078125,795000
2026-04-06,24350.400390625,24379.75,23896.44921875,24151.94921875,696500
2026-04-07,24373.30078125,24430.099609375,23839.099609375,24227.75,500800
2026-04-08,26002.94921875,26113.69921875,25295.94921875,25396.849609375,1800500
2026-04-09,25901.900390625,26133.650390625,25643.349609375,25971.5,837600
2026-04-10,26640.900390625,26678.55078125,26002.44921875,26018.30078125,890000
2026-04-13,26084.55078125,26231.400390625,25910.44921875,26041.599609375,907800
2026-04-15,26483.099609375,26709.599609375,26304.099609375,26462.150390625,713600
2026-04-16,26382.75,26729.400390625,26233.30078125,26649.0,520200
2026-04-17,26435.0,26581.55078125,26190.30078125,26319.19921875,568500
2026-04-20,26522.30078125,26630.150390625,26173.849609375,26447.099609375,409900
2026-04-21,26625.19921875,26746.099609375,26493.900390625,26509.75,586700
2026-04-22,26450.25,26718.599609375,26416.80078125,26521.30078125,863600
2026-04-23,25828.099609375,26278.94921875,25746.69921875,26270.400390625,806900
2026-04-24,25652.849609375,26035.599609375,25559.80078125,25867.849609375,376000
2026-04-27,26053.150390625,26126.25,25776.0,25779.900390625,456800
2026-04-28,25790.349609375,26219.25,25762.05078125,26076.44921875,503500
2026-04-29,26085.75,26484.80078125,25935.44921875,25936.849609375,542400
2026-04-30,25917.599609375,26034.0,25441.55078125,25855.44921875,645400
2026-05-04,26027.69921875,26496.650390625,25810.099609375,26133.5,544100
2026-05-05,26192.099609375,26253.19921875,25805.80078125,26033.150390625,425300
2026-05-06,26823.0,26871.900390625,26278.94921875,26502.150390625,708700
2026-05-07,27339.94921875,27533.19921875,26878.150390625,26983.150390625,949100
2026-05-08,27259.849609375,27392.150390625,27082.599609375,27244.80078125,461100
2026-05-11,26753.400390625,26978.0,26600.69921875,26874.19921875,441100
2026-05-12,26142.599609375,26794.099609375,26091.44921875,26700.0,522700
2026-05-13,25888.94921875,26296.80078125,25842.150390625,26140.5,582800
2026-05-14,26049.69921875,26117.099609375,25603.150390625,26092.69921875,696000
2026-05-15,26070.69921875,26357.900390625,25967.150390625,26131.349609375,1044400
2026-05-18,25624.30078125,25921.099609375,25486.400390625,25909.30078125,568000
2026-05-19,25698.80078125,25962.150390625,25520.900390625,25680.44921875,707400
2026-05-20,25914.349609375,26007.349609375,25325.599609375,25538.900390625,987500
2026-05-21,25986.25,26235.19921875,25901.0,26147.69921875,1062100
2026-05-22,26017.099609375,26215.19921875,25980.599609375,26045.849609375,681700
2026-05-25,26463.05078125,26655.599609375,26319.599609375,26400.44921875,648200
2026-05-26,26480.5,26605.900390625,26362.05078125,26457.69921875,661000
2026-05-27,26864.19921875,26976.55078125,26473.75,26509.25,966100
2026-05-29,26338.44921875,27033.599609375,26210.19921875,26915.400390625,2282200
2026-06-01,25891.900390625,26548.099609375,25830.19921875,26439.19921875,935300
2026-06-02,26079.44921875,26135.30078125,25581.150390625,25595.05078125,922500
2026-06-03,26092.80078125,26215.30078125,25881.599609375,26069.19921875,864300
2026-06-04,26144.349609375,26447.349609375,25897.349609375,25981.25,628100
2026-06-05,26165.94921875,26349.900390625,25997.75,26279.94921875,521300
2026-06-08,25681.80078125,25926.150390625,25615.0,25798.599609375,560000
2026-06-09,26025.650390625,26115.44921875,25807.94921875,25937.19921875,611300
2026-06-10,25833.55078125,26087.150390625,25759.30078125,26015.0,501100
2026-06-11,25790.349609375,25957.5,25516.599609375,25678.349609375,512100
2026-06-12,26293.849609375,26322.0,25877.5,26089.650390625,996000
2026-06-15,26977.5,27127.44921875,26650.400390625,26692.0,1020800
2026-06-16,26891.55078125,27133.55078125,26850.94921875,27133.55078125,567600
2026-06-17,26724.400390625,26986.19921875,26548.69921875,26972.150390625,1039000
2026-06-18,26746.400390625,26843.349609375,26654.25,26784.099609375,562700
2026-06-19,26583.349609375,26692.30078125,26462.05078125,26668.0,591400
